holding_month,date,portfolio,return
2018-02,2018-02-02,low_pbr,-0.0072328371879379905
2018-02,2018-02-05,low_pbr,-0.015708260230951065
2018-02,2018-02-06,low_pbr,-0.014150141404749128
2018-02,2018-02-07,low_pbr,-0.022540549255324227
2018-02,2018-02-08,low_pbr,-0.00040748641254817475
2018-02,2018-02-09,low_pbr,0.001771504443966787
2018-02,2018-02-12,low_pbr,-0.013349559600101868
2018-02,2018-02-13,low_pbr,-0.013123047993021664
2018-02,2018-02-14,low_pbr,0.0009038989391785268
2018-02,2018-02-19,low_pbr,0.018530851678905114
2018-02,2018-02-20,low_pbr,-0.011832300023164377
2018-02,2018-02-21,low_pbr,-0.0007835882009806783
2018-02,2018-02-22,low_pbr,-0.005225115526440338
2018-02,2018-02-23,low_pbr,0.009752017604090168
2018-02,2018-02-26,low_pbr,-0.0009277055641404575
2018-02,2018-02-27,low_pbr,-0.0033988221226417537
2018-02,2018-02-28,low_pbr,-0.006830067359213099
2018-02,2018-03-02,low_pbr,-0.01880303798374927
2018-02,2018-02-02,high_pbr,-0.00945773441941522
2018-02,2018-02-05,high_pbr,-0.0336792430648869
2018-02,2018-02-06,high_pbr,-0.013273484011463776
2018-02,2018-02-07,high_pbr,-0.03248620727766227
2018-02,2018-02-08,high_pbr,0.00661322192182956
2018-02,2018-02-09,high_pbr,-0.011541053940755885
2018-02,2018-02-12,high_pbr,-0.005748832433709716
2018-02,2018-02-13,high_pbr,-0.004462993669874682
2018-02,2018-02-14,high_pbr,0.0071707355060557365
2018-02,2018-02-19,high_pbr,0.015080216798622592
2018-02,2018-02-20,high_pbr,-0.006325643758988808
2018-02,2018-02-21,high_pbr,0.013056564724643671
2018-02,2018-02-22,high_pbr,-0.00400833454923899
2018-02,2018-02-23,high_pbr,0.014499844322835909
2018-02,2018-02-26,high_pbr,-0.0021101871304938236
2018-02,2018-02-27,high_pbr,-0.0023338951839702027
2018-02,2018-02-28,high_pbr,-0.0268462328853305
2018-02,2018-03-02,high_pbr,-0.010423055074564758
2018-02,2018-02-02,baseline,-0.011284802755166745
2018-02,2018-02-05,baseline,-0.023744584288560855
2018-02,2018-02-06,baseline,-0.01341860446132448
2018-02,2018-02-07,baseline,-0.02308546478381701
2018-02,2018-02-08,baseline,0.004389775911499028
2018-02,2018-02-09,baseline,-0.003962959166080249
2018-02,2018-02-12,baseline,-0.005395169763715457
2018-02,2018-02-13,baseline,-0.009922925617375733
2018-02,2018-02-14,baseline,0.0017161253412134592
2018-02,2018-02-19,baseline,0.01717860181097408
2018-02,2018-02-20,baseline,-0.009867779216758965
2018-02,2018-02-21,baseline,0.006156744265704228
2018-02,2018-02-22,baseline,-0.006019911148993029
2018-02,2018-02-23,baseline,0.013822949643576443
2018-02,2018-02-26,baseline,0.0006747416392784977
2018-02,2018-02-27,baseline,-0.003834929481312588
2018-02,2018-02-28,baseline,-0.013942035010604537
2018-02,2018-03-02,baseline,-0.016001657729132535
2018-03,2018-03-05,low_pbr,-0.014852979596560845
2018-03,2018-03-06,low_pbr,0.007831790639280634
2018-03,2018-03-07,low_pbr,-0.01977411381964156
2018-03,2018-03-08,low_pbr,0.021122378350027837
2018-03,2018-03-09,low_pbr,0.009888243980556766
2018-03,2018-03-12,low_pbr,0.011529448011286192
2018-03,2018-03-13,low_pbr,-0.014277783097484509
2018-03,2018-03-14,low_pbr,-0.006637316855718334
2018-03,2018-03-15,low_pbr,0.002538643814377073
2018-03,2018-03-16,low_pbr,0.002589186248183939
2018-03,2018-03-19,low_pbr,0.001225350469423514
2018-03,2018-03-20,low_pbr,0.0017979803578276332
2018-03,2018-03-21,low_pbr,-0.000437094607355748
2018-03,2018-03-22,low_pbr,0.00134637599094245
2018-03,2018-03-23,low_pbr,-0.029311778633025143
2018-03,2018-03-26,low_pbr,0.007898154686916126
2018-03,2018-03-27,low_pbr,0.015527442226547894
2018-03,2018-03-28,low_pbr,-0.006567613387099325
2018-03,2018-03-29,low_pbr,-0.003973416521879436
2018-03,2018-03-30,low_pbr,0.008541217413109203
2018-03,2018-04-02,low_pbr,0.003631976166145412
2018-03,2018-03-05,high_pbr,-0.009550532379832166
2018-03,2018-03-06,high_pbr,0.013236796815480956
2018-03,2018-03-07,high_pbr,-0.014077929343041196
2018-03,2018-03-08,high_pbr,0.013662410673130232
2018-03,2018-03-09,high_pbr,0.027907072994555415
2018-03,2018-03-12,high_pbr,0.015351143618086205
2018-03,2018-03-13,high_pbr,-0.00262227250073932
2018-03,2018-03-14,high_pbr,-0.003931499151647033
2018-03,2018-03-15,high_pbr,0.010231160033112197
2018-03,2018-03-16,high_pbr,-0.001404473803089945
2018-03,2018-03-19,high_pbr,-0.014133248232831463
2018-03,2018-03-20,high_pbr,0.007528318940349221
2018-03,2018-03-21,high_pbr,0.00702887422191556
2018-03,2018-03-22,high_pbr,-0.0037230377861904307
2018-03,2018-03-23,high_pbr,-0.034861050144872174
2018-03,2018-03-26,high_pbr,0.022469461476305463
2018-03,2018-03-27,high_pbr,0.011027991073978338
2018-03,2018-03-28,high_pbr,-0.010291945435663807
2018-03,2018-03-29,high_pbr,0.005897926417158139
2018-03,2018-03-30,high_pbr,0.012532977088258956
2018-03,2018-04-02,high_pbr,0.009709235982253483
2018-03,2018-03-05,baseline,-0.013922078910076796
2018-03,2018-03-06,baseline,0.010205958189959174
2018-03,2018-03-07,baseline,-0.013188639982483763
2018-03,2018-03-08,baseline,0.012435469607262384
2018-03,2018-03-09,baseline,0.019213848514816556
2018-03,2018-03-12,baseline,0.011110647431130882
2018-03,2018-03-13,baseline,-0.008574474549594813
2018-03,2018-03-14,baseline,-0.003946246270341902
2018-03,2018-03-15,baseline,0.005681681130893734
2018-03,2018-03-16,baseline,0.0008795675146382465
2018-03,2018-03-19,baseline,-0.004445356628191122
2018-03,2018-03-20,baseline,0.0018031867120082978
2018-03,2018-03-21,baseline,0.002182237521692887
2018-03,2018-03-22,baseline,0.001002860548012574
2018-03,2018-03-23,baseline,-0.031379647443166125
2018-03,2018-03-26,baseline,0.010114348698981646
2018-03,2018-03-27,baseline,0.011653333194854287
2018-03,2018-03-28,baseline,-0.0071084007800860105
2018-03,2018-03-29,baseline,0.002764326913201165
2018-03,2018-03-30,baseline,0.009315438618072491
2018-03,2018-04-02,baseline,0.0022793982117290668
2018-04,2018-04-03,low_pbr,0.005541507861926087
2018-04,2018-04-04,low_pbr,-0.010220949616321695
2018-04,2018-04-05,low_pbr,0.003908098690411421
2018-04,2018-04-06,low_pbr,-0.0018052601788050016
2018-04,2018-04-09,low_pbr,0.004016434517560841
2018-04,2018-04-10,low_pbr,0.0010056588598721383
2018-04,2018-04-11,low_pbr,-0.0030531533502112795
2018-04,2018-04-12,low_pbr,0.00250831908212934
2018-04,2018-04-13,low_pbr,-0.005525061931893838
2018-04,2018-04-16,low_pbr,-0.002760900114688547
2018-04,2018-04-17,low_pbr,0.0022914351049363457
2018-04,2018-04-18,low_pbr,0.014363367712085351
2018-04,2018-04-19,low_pbr,0.012737939321570746
2018-04,2018-04-20,low_pbr,0.010525158578370775
2018-04,2018-04-23,low_pbr,0.006941795613081059
2018-04,2018-04-24,low_pbr,0.0019718421451491164
2018-04,2018-04-25,low_pbr,-0.006107510235964786
2018-04,2018-04-26,low_pbr,0.00385632139791392
2018-04,2018-04-27,low_pbr,-0.00016583186799346006
2018-04,2018-04-30,low_pbr,0.0300320467414128
2018-04,2018-05-02,low_pbr,0.009721293052020075
2018-04,2018-04-03,high_pbr,0.008950978366192297
2018-04,2018-04-04,high_pbr,-0.00585883552854638
2018-04,2018-04-05,high_pbr,-0.00428406746164256
2018-04,2018-04-06,high_pbr,-0.001459320425438504
2018-04,2018-04-09,high_pbr,0.008883561794281958
2018-04,2018-04-10,high_pbr,0.011390696452827864
2018-04,2018-04-11,high_pbr,0.002297026795861523
2018-04,2018-04-12,high_pbr,-0.020839209003323256
2018-04,2018-04-13,high_pbr,0.011235142846792279
2018-04,2018-04-16,high_pbr,0.004233919717572698
2018-04,2018-04-17,high_pbr,-0.007521989919576977
2018-04,2018-04-18,high_pbr,-0.008939049260485943
2018-04,2018-04-19,high_pbr,-0.021306404243039645
2018-04,2018-04-20,high_pbr,0.00411465632433039
2018-04,2018-04-23,high_pbr,-0.01682959177310539
2018-04,2018-04-24,high_pbr,0.006004086509919793
2018-04,2018-04-25,high_pbr,-0.006770554675535334
2018-04,2018-04-26,high_pbr,0.002647588833035508
2018-04,2018-04-27,high_pbr,0.00712323722363517
2018-04,2018-04-30,high_pbr,0.0007236122238338805
2018-04,2018-05-02,high_pbr,0.0011360537254063718
2018-04,2018-04-03,baseline,0.004997230300550548
2018-04,2018-04-04,baseline,-0.012921876857515557
2018-04,2018-04-05,baseline,0.00460123596512485
2018-04,2018-04-06,baseline,-0.0010925434163271408
2018-04,2018-04-09,baseline,0.0031821381046550634
2018-04,2018-04-10,baseline,0.0028369918431709884
2018-04,2018-04-11,baseline,0.00042157659420571925
2018-04,2018-04-12,baseline,-0.0036773882528603474
2018-04,2018-04-13,baseline,0.0007470590305349578
2018-04,2018-04-16,baseline,0.0007879033729318863
2018-04,2018-04-17,baseline,0.001256721698060792
2018-04,2018-04-18,baseline,0.006816447768115408
2018-04,2018-04-19,baseline,0.0018323921835587953
2018-04,2018-04-20,baseline,0.004618525997329703
2018-04,2018-04-23,baseline,-0.0017417596290872916
2018-04,2018-04-24,baseline,0.0021165445038155983
2018-04,2018-04-25,baseline,-0.00856635563363628
2018-04,2018-04-26,baseline,0.0035749312839343794
2018-04,2018-04-27,baseline,0.0009650440066895083
2018-04,2018-04-30,baseline,0.017849808691418723
2018-04,2018-05-02,baseline,0.007080307963362564
2018-05,2018-05-03,low_pbr,-0.01217323633900358
2018-05,2018-05-04,low_pbr,0.004105890952219582
2018-05,2018-05-08,low_pbr,-0.005935092466909375
2018-05,2018-05-09,low_pbr,-0.005812283276095287
2018-05,2018-05-10,low_pbr,0.014822563969582259
2018-05,2018-05-11,low_pbr,0.007848836151411076
2018-05,2018-05-14,low_pbr,0.012940030197369667
2018-05,2018-05-15,low_pbr,-0.007333860257451863
2018-05,2018-05-16,low_pbr,-0.012405351521212027
2018-05,2018-05-17,low_pbr,0.0012241231965794963
2018-05,2018-05-18,low_pbr,0.008504935248958345
2018-05,2018-05-21,low_pbr,-0.008344117119912453
2018-05,2018-05-23,low_pbr,-0.01026087075164217
2018-05,2018-05-24,low_pbr,-0.006344013510312774
2018-05,2018-05-25,low_pbr,-0.021110535776592054
2018-05,2018-05-28,low_pbr,0.020403253863972903
2018-05,2018-05-29,low_pbr,-0.008029225678070073
2018-05,2018-05-30,low_pbr,-0.017519200201995933
2018-05,2018-05-31,low_pbr,0.003545995936782953
2018-05,2018-06-01,low_pbr,0.007389422194223894
2018-05,2018-05-03,high_pbr,-0.014923364290734598
2018-05,2018-05-04,high_pbr,-0.011418970648802595
2018-05,2018-05-08,high_pbr,-0.010087490812703326
2018-05,2018-05-09,high_pbr,0.020435987146401713
2018-05,2018-05-10,high_pbr,-0.00611893684925402
2018-05,2018-05-11,high_pbr,0.014556110580526083
2018-05,2018-05-14,high_pbr,-0.004744698554575266
2018-05,2018-05-15,high_pbr,-0.001214794465306146
2018-05,2018-05-16,high_pbr,0.005009282073076715
2018-05,2018-05-17,high_pbr,-0.008480651927194383
2018-05,2018-05-18,high_pbr,0.00818872369763346
2018-05,2018-05-21,high_pbr,-0.00176024901976235
2018-05,2018-05-23,high_pbr,-0.017328974960989063
2018-05,2018-05-24,high_pbr,0.00620207206814527
2018-05,2018-05-25,high_pbr,-0.006480026664181571
2018-05,2018-05-28,high_pbr,0.006673320850125508
2018-05,2018-05-29,high_pbr,-0.0004853949515334355
2018-05,2018-05-30,high_pbr,-0.009385866759843764
2018-05,2018-05-31,high_pbr,0.007570374057592977
2018-05,2018-06-01,high_pbr,0.009258671085666803
2018-05,2018-05-03,baseline,-0.011020446821134788
2018-05,2018-05-04,baseline,-0.003186046439000667
2018-05,2018-05-08,baseline,-0.009874972181515784
2018-05,2018-05-09,baseline,0.004207442338876266
2018-05,2018-05-10,baseline,0.008964624726077064
2018-05,2018-05-11,baseline,0.011072011176709529
2018-05,2018-05-14,baseline,0.010341382825051815
2018-05,2018-05-15,baseline,-0.00549435843447077
2018-05,2018-05-16,baseline,-0.009009461343770897
2018-05,2018-05-17,baseline,-0.0024142167830492056
2018-05,2018-05-18,baseline,0.00746809530364434
2018-05,2018-05-21,baseline,-0.0032181538142529442
2018-05,2018-05-23,baseline,-0.011411069878278446
2018-05,2018-05-24,baseline,-0.0017353428548225747
2018-05,2018-05-25,baseline,-0.014075853429546092
2018-05,2018-05-28,baseline,0.019204995254658686
2018-05,2018-05-29,baseline,-0.007673525699852912
2018-05,2018-05-30,baseline,-0.01342026642862404
2018-05,2018-05-31,baseline,0.003565107803106926
2018-05,2018-06-01,baseline,0.004603552673000166
2018-06,2018-06-04,low_pbr,0.011081610544351861
2018-06,2018-06-05,low_pbr,0.0033326173437535633
2018-06,2018-06-07,low_pbr,0.01254807296071303
2018-06,2018-06-08,low_pbr,-0.009159717677467372
2018-06,2018-06-11,low_pbr,0.01437352984479845
2018-06,2018-06-12,low_pbr,-0.0016530064002915346
2018-06,2018-06-14,low_pbr,-0.01873828515863407
2018-06,2018-06-15,low_pbr,-0.0019620390995799264
2018-06,2018-06-18,low_pbr,-0.013712112135314869
2018-06,2018-06-19,low_pbr,-0.02155907531445489
2018-06,2018-06-20,low_pbr,0.0021047512036285188
2018-06,2018-06-21,low_pbr,-0.019852887381305084
2018-06,2018-06-22,low_pbr,0.004028830543335138
2018-06,2018-06-25,low_pbr,0.012818139733186573
2018-06,2018-06-26,low_pbr,-0.0053014670099279515
2018-06,2018-06-27,low_pbr,-0.01795166841507856
2018-06,2018-06-28,low_pbr,-0.0021188968668037766
2018-06,2018-06-29,low_pbr,0.00366082434910453
2018-06,2018-07-02,low_pbr,-0.021715208243248574
2018-06,2018-06-04,high_pbr,0.0010206796257989925
2018-06,2018-06-05,high_pbr,-0.002208280858120526
2018-06,2018-06-07,high_pbr,0.015019276856211183
2018-06,2018-06-08,high_pbr,-0.00572678689233963
2018-06,2018-06-11,high_pbr,0.005443221183137004
2018-06,2018-06-12,high_pbr,0.0031050250886599517
2018-06,2018-06-14,high_pbr,-0.012990274057745332
2018-06,2018-06-15,high_pbr,-0.007084728827842723
2018-06,2018-06-18,high_pbr,-0.012600030814573615
2018-06,2018-06-19,high_pbr,-0.030203896834818056
2018-06,2018-06-20,high_pbr,0.012811040503084126
2018-06,2018-06-21,high_pbr,-0.01054488517852692
2018-06,2018-06-22,high_pbr,0.014287321781159878
2018-06,2018-06-25,high_pbr,0.003465456057454963
2018-06,2018-06-26,high_pbr,-0.002415339038816744
2018-06,2018-06-27,high_pbr,-0.003324649343371844
2018-06,2018-06-28,high_pbr,-0.0016537980532228547
2018-06,2018-06-29,high_pbr,-0.0024513344127564674
2018-06,2018-07-02,high_pbr,-0.02502039259244737
2018-06,2018-06-04,baseline,0.007587113744343288
2018-06,2018-06-05,baseline,0.0015575585222566968
2018-06,2018-06-07,baseline,0.012301602616517915
2018-06,2018-06-08,baseline,-0.005581831139533033
2018-06,2018-06-11,baseline,0.011930281532697151
2018-06,2018-06-12,baseline,0.00033906033515829215
2018-06,2018-06-14,baseline,-0.014599732701102375
2018-06,2018-06-15,baseline,-0.0047450861779396725
2018-06,2018-06-18,baseline,-0.012596698576040732
2018-06,2018-06-19,baseline,-0.021633589552674026
2018-06,2018-06-20,baseline,0.0060583206091417985
2018-06,2018-06-21,baseline,-0.01441221536192061
2018-06,2018-06-22,baseline,0.006212219828363619
2018-06,2018-06-25,baseline,0.007290496143955716
2018-06,2018-06-26,baseline,-0.00458815430561299
2018-06,2018-06-27,baseline,-0.012437349392913521
2018-06,2018-06-28,baseline,-0.0015330968579041482
2018-06,2018-06-29,baseline,0.0020642032141036104
2018-06,2018-07-02,baseline,-0.02467917135028741
2018-07,2018-07-03,low_pbr,-0.006257270218338884
2018-07,2018-07-04,low_pbr,-0.006231147469458853
2018-07,2018-07-05,low_pbr,-0.0025146814239457305
2018-07,2018-07-06,low_pbr,0.0221001773308116
2018-07,2018-07-09,low_pbr,-0.0027598574347166283
2018-07,2018-07-10,low_pbr,0.0012909732604249324
2018-07,2018-07-11,low_pbr,-0.011230561362640668
2018-07,2018-07-12,low_pbr,-0.002705296982660421
2018-07,2018-07-13,low_pbr,0.00886859829403619
2018-07,2018-07-16,low_pbr,-0.0007178345072891279
2018-07,2018-07-17,low_pbr,0.0018530563802441335
2018-07,2018-07-18,low_pbr,-0.013079046399536831
2018-07,2018-07-19,low_pbr,-0.008271478305495905
2018-07,2018-07-20,low_pbr,0.005154619936871718
2018-07,2018-07-23,low_pbr,0.006651250033255174
2018-07,2018-07-24,low_pbr,0.009550565463893879
2018-07,2018-07-25,low_pbr,-0.00018940097334674277
2018-07,2018-07-26,low_pbr,0.0048518557805699025
2018-07,2018-07-27,low_pbr,0.0034275807125541125
2018-07,2018-07-30,low_pbr,0.0034215420133105745
2018-07,2018-07-31,low_pbr,0.004613886367516917
2018-07,2018-08-01,low_pbr,0.004126923630029866
2018-07,2018-07-03,high_pbr,-0.004460136414854654
2018-07,2018-07-04,high_pbr,0.0023459888117867145
2018-07,2018-07-05,high_pbr,-0.010996760248008108
2018-07,2018-07-06,high_pbr,0.018106426105160667
2018-07,2018-07-09,high_pbr,0.004723312386228695
2018-07,2018-07-10,high_pbr,0.00030404386048488163
2018-07,2018-07-11,high_pbr,-0.010609856532048045
2018-07,2018-07-12,high_pbr,0.012625790044899388
2018-07,2018-07-13,high_pbr,0.001718618238917946
2018-07,2018-07-16,high_pbr,-0.0049058213726455024
2018-07,2018-07-17,high_pbr,-0.006308659393253868
2018-07,2018-07-18,high_pbr,-0.018283854051978188
2018-07,2018-07-19,high_pbr,-0.009415042647001881
2018-07,2018-07-20,high_pbr,-0.001917815580282145
2018-07,2018-07-23,high_pbr,-0.004700870359228726
2018-07,2018-07-24,high_pbr,0.011715998180855447
2018-07,2018-07-25,high_pbr,-0.010393404223653091
2018-07,2018-07-26,high_pbr,0.0026321655941654587
2018-07,2018-07-27,high_pbr,0.0013886050583797882
2018-07,2018-07-30,high_pbr,-0.0033134620377830437
2018-07,2018-07-31,high_pbr,0.00635450197760612
2018-07,2018-08-01,high_pbr,0.013656477170332249
2018-07,2018-07-03,baseline,-0.006310863386606469
2018-07,2018-07-04,baseline,-0.001033935889293125
2018-07,2018-07-05,baseline,-0.005563009842480038
2018-07,2018-07-06,baseline,0.02068306930478392
2018-07,2018-07-09,baseline,-0.003244005380344861
2018-07,2018-07-10,baseline,0.0012640888270141204
2018-07,2018-07-11,baseline,-0.008363495948912725
2018-07,2018-07-12,baseline,0.0030599671373972015
2018-07,2018-07-13,baseline,0.007001297817190277
2018-07,2018-07-16,baseline,-0.004736337651666478
2018-07,2018-07-17,baseline,-0.0014813235974392436
2018-07,2018-07-18,baseline,-0.01303539364078643
2018-07,2018-07-19,baseline,-0.009909725141782233
2018-07,2018-07-20,baseline,0.003010388357437277
2018-07,2018-07-23,baseline,0.0005188921090415466
2018-07,2018-07-24,baseline,0.009728846067386776
2018-07,2018-07-25,baseline,-0.00048108544446989754
2018-07,2018-07-26,baseline,0.005174815222698248
2018-07,2018-07-27,baseline,0.002170702151202075
2018-07,2018-07-30,baseline,0.0015965895361016447
2018-07,2018-07-31,baseline,0.004747654922728106
2018-07,2018-08-01,baseline,0.004940638733742064
2018-08,2018-08-02,low_pbr,-0.01955769864434831
2018-08,2018-08-03,low_pbr,0.011868783929644744
2018-08,2018-08-06,low_pbr,0.009776753016959683
2018-08,2018-08-07,low_pbr,-0.004337206893257783
2018-08,2018-08-08,low_pbr,-0.0034814139424826918
2018-08,2018-08-09,low_pbr,0.0006609355948707929
2018-08,2018-08-10,low_pbr,0.0024379682128528035
2018-08,2018-08-13,low_pbr,-0.01932218826445531
2018-08,2018-08-14,low_pbr,0.008873833566029887
2018-08,2018-08-16,low_pbr,-0.01070073704532759
2018-08,2018-08-17,low_pbr,0.0009391282136523849
2018-08,2018-08-20,low_pbr,0.012979047803455712
2018-08,2018-08-21,low_pbr,3.891478727569009e-05
2018-08,2018-08-22,low_pbr,-0.0034117107033134753
2018-08,2018-08-23,low_pbr,-0.006730513378599423
2018-08,2018-08-24,low_pbr,-0.0008263915071706762
2018-08,2018-08-27,low_pbr,8.17230304490657e-05
2018-08,2018-08-28,low_pbr,0.015465420955286913
2018-08,2018-08-29,low_pbr,0.004531014444010273
2018-08,2018-08-30,low_pbr,-0.004817380180688335
2018-08,2018-08-31,low_pbr,-0.0023203682231862643
2018-08,2018-09-03,low_pbr,-0.001587685025981056
2018-08,2018-08-02,high_pbr,-0.012561043229652458
2018-08,2018-08-03,high_pbr,0.010519542318098152
2018-08,2018-08-06,high_pbr,0.0019248097313442347
2018-08,2018-08-07,high_pbr,0.005444258133033841
2018-08,2018-08-08,high_pbr,-0.0036164485819648595
2018-08,2018-08-09,high_pbr,0.0015022297953002361
2018-08,2018-08-10,high_pbr,-0.0033866821030332783
2018-08,2018-08-13,high_pbr,-0.016713321204111398
2018-08,2018-08-14,high_pbr,0.00040566832214161685
2018-08,2018-08-16,high_pbr,-0.005558555027052936
2018-08,2018-08-17,high_pbr,0.011199697193581715
2018-08,2018-08-20,high_pbr,0.00018759106147570037
2018-08,2018-08-21,high_pbr,0.011802049805947679
2018-08,2018-08-22,high_pbr,-0.006795014872435168
2018-08,2018-08-23,high_pbr,0.010264397345547849
2018-08,2018-08-24,high_pbr,0.013785673908993434
2018-08,2018-08-27,high_pbr,0.009490234027750066
2018-08,2018-08-28,high_pbr,-0.001959701392933999
2018-08,2018-08-29,high_pbr,0.0033792416130988823
2018-08,2018-08-30,high_pbr,-0.0013492849926768358
2018-08,2018-08-31,high_pbr,0.002470147134095546
2018-08,2018-09-03,high_pbr,-0.0010804224440209564
2018-08,2018-08-02,baseline,-0.01545406272052785
2018-08,2018-08-03,baseline,0.011248189288534105
2018-08,2018-08-06,baseline,0.0035283484927750575
2018-08,2018-08-07,baseline,-0.0013489385262468456
2018-08,2018-08-08,baseline,-0.004854324243294461
2018-08,2018-08-09,baseline,0.002234645718061312
2018-08,2018-08-10,baseline,0.002843593343259787
2018-08,2018-08-13,baseline,-0.016201146969331948
2018-08,2018-08-14,baseline,0.0070238127354653734
2018-08,2018-08-16,baseline,-0.006211402144882361
2018-08,2018-08-17,baseline,0.003955048656182791
2018-08,2018-08-20,baseline,0.004677632369761486
2018-08,2018-08-21,baseline,0.003624124564581832
2018-08,2018-08-22,baseline,-0.008515080817112608
2018-08,2018-08-23,baseline,0.0021057641705923835
2018-08,2018-08-24,baseline,0.005234229197770945
2018-08,2018-08-27,baseline,1.9788660536201874e-05
2018-08,2018-08-28,baseline,0.0075589898660428645
2018-08,2018-08-29,baseline,0.0013204663260608651
2018-08,2018-08-30,baseline,-0.005684677785695369
2018-08,2018-08-31,baseline,0.0028056124044446573
2018-08,2018-09-03,baseline,-0.0006175462255222364
2018-09,2018-09-04,low_pbr,-0.0028440936061087108
2018-09,2018-09-05,low_pbr,0.0026347853162491663
2018-09,2018-09-06,low_pbr,0.003768064512250424
2018-09,2018-09-07,low_pbr,0.006374606448378506
2018-09,2018-09-10,low_pbr,0.007274212498492139
2018-09,2018-09-11,low_pbr,-0.005769327987784401
2018-09,2018-09-12,low_pbr,0.003440908505255802
2018-09,2018-09-13,low_pbr,0.0064015706793363325
2018-09,2018-09-14,low_pbr,0.005569850828152534
2018-09,2018-09-17,low_pbr,-0.0059491687483912425
2018-09,2018-09-18,low_pbr,-0.0007033917062576611
2018-09,2018-09-19,low_pbr,-0.010129512828708886
2018-09,2018-09-20,low_pbr,-0.001625313499375891
2018-09,2018-09-21,low_pbr,0.013720125175660458
2018-09,2018-09-27,low_pbr,0.008341253668688653
2018-09,2018-09-28,low_pbr,2.867566209352468e-05
2018-09,2018-10-01,low_pbr,-0.003976084381463796
2018-09,2018-09-04,high_pbr,0.009655540282255792
2018-09,2018-09-05,high_pbr,-0.008116343833534878
2018-09,2018-09-06,high_pbr,-0.004418318107774377
2018-09,2018-09-07,high_pbr,0.007347673181875125
2018-09,2018-09-10,high_pbr,-0.0015718029659180788
2018-09,2018-09-11,high_pbr,0.004859048671571831
2018-09,2018-09-12,high_pbr,0.003272801973979833
2018-09,2018-09-13,high_pbr,0.0038205000461872807
2018-09,2018-09-14,high_pbr,0.008483276403260742
2018-09,2018-09-17,high_pbr,-0.006725194933438483
2018-09,2018-09-18,high_pbr,0.008021968163601123
2018-09,2018-09-19,high_pbr,-0.0070369166325894295
2018-09,2018-09-20,high_pbr,-0.0003253766561871485
2018-09,2018-09-21,high_pbr,0.004825931188092936
2018-09,2018-09-27,high_pbr,0.008142543960440118
2018-09,2018-09-28,high_pbr,-0.009451739069023302
2018-09,2018-10-01,high_pbr,-0.007808150564747041
2018-09,2018-09-04,baseline,-0.0002887237385964525
2018-09,2018-09-05,baseline,-0.004129980486138662
2018-09,2018-09-06,baseline,-0.00010314439790570784
2018-09,2018-09-07,baseline,0.0074477312789591466
2018-09,2018-09-10,baseline,0.004213995453422825
2018-09,2018-09-11,baseline,0.0008992322253758012
2018-09,2018-09-12,baseline,0.003563595897283278
2018-09,2018-09-13,baseline,0.004084415983212519
2018-09,2018-09-14,baseline,0.007275281538523748
2018-09,2018-09-17,baseline,-0.008604952435134372
2018-09,2018-09-18,baseline,0.00018825261352306555
2018-09,2018-09-19,baseline,-0.007124384663975025
2018-09,2018-09-20,baseline,-0.0011118531234286522
2018-09,2018-09-21,baseline,0.008792145310033694
2018-09,2018-09-27,baseline,0.007805293858142992
2018-09,2018-09-28,baseline,-0.0005637633527982855
2018-09,2018-10-01,baseline,-0.0046486865552021195
2018-10,2018-10-02,low_pbr,-0.008032611897215158
2018-10,2018-10-04,low_pbr,-0.014477504531668184
2018-10,2018-10-05,low_pbr,-0.0020760212770294384
2018-10,2018-10-08,low_pbr,-0.012512254819905033
2018-10,2018-10-10,low_pbr,-0.018668478392235066
2018-10,2018-10-11,low_pbr,-0.04545432653553183
2018-10,2018-10-12,low_pbr,0.004914970976319655
2018-10,2018-10-15,low_pbr,-0.005115534254005016
2018-10,2018-10-16,low_pbr,0.0051329190822668735
2018-10,2018-10-17,low_pbr,0.008457518377606998
2018-10,2018-10-18,low_pbr,-0.007669420592308573
2018-10,2018-10-19,low_pbr,-0.0025237035513954176
2018-10,2018-10-22,low_pbr,0.0014681187377361127
2018-10,2018-10-23,low_pbr,-0.026962531105708232
2018-10,2018-10-24,low_pbr,0.016749098336833468
2018-10,2018-10-25,low_pbr,-0.01562913486734896
2018-10,2018-10-26,low_pbr,-0.02035233761114308
2018-10,2018-10-29,low_pbr,-0.021978475521132856
2018-10,2018-10-30,low_pbr,-0.003199290603268734
2018-10,2018-10-31,low_pbr,0.01195112145049837
2018-10,2018-11-01,low_pbr,-0.003822797603884931
2018-10,2018-10-02,high_pbr,-0.017532089306041554
2018-10,2018-10-04,high_pbr,-0.012964903757586521
2018-10,2018-10-05,high_pbr,-0.013989580706603166
2018-10,2018-10-08,high_pbr,-0.006102474581295092
2018-10,2018-10-10,high_pbr,-0.0208877176773391
2018-10,2018-10-11,high_pbr,-0.04790469474404113
2018-10,2018-10-12,high_pbr,0.022418659980760314
2018-10,2018-10-15,high_pbr,-0.014754221120565902
2018-10,2018-10-16,high_pbr,0.0009399319170502185
2018-10,2018-10-17,high_pbr,0.0073971696754402405
2018-10,2018-10-18,high_pbr,-0.005888299110479278
2018-10,2018-10-19,high_pbr,0.011474222566838943
2018-10,2018-10-22,high_pbr,0.0039027394132840065
2018-10,2018-10-23,high_pbr,-0.0363778803656537
2018-10,2018-10-24,high_pbr,-0.002917110123215716
2018-10,2018-10-25,high_pbr,-0.016898938984979295
2018-10,2018-10-26,high_pbr,-0.03599174457588572
2018-10,2018-10-29,high_pbr,-0.04100289689848624
2018-10,2018-10-30,high_pbr,0.01829121519563448
2018-10,2018-10-31,high_pbr,0.003911281193419214
2018-10,2018-11-01,high_pbr,0.006658222136793679
2018-10,2018-10-02,baseline,-0.008989455558170656
2018-10,2018-10-04,baseline,-0.011087267332169026
2018-10,2018-10-05,baseline,-0.0065551874882880945
2018-10,2018-10-08,baseline,-0.00972470845260065
2018-10,2018-10-10,baseline,-0.018418092752682358
2018-10,2018-10-11,baseline,-0.044914806009661246
2018-10,2018-10-12,baseline,0.008013538264419973
2018-10,2018-10-15,baseline,-0.003836209264169166
2018-10,2018-10-16,baseline,0.0008427802735535561
2018-10,2018-10-17,baseline,0.009153007716437678
2018-10,2018-10-18,baseline,-0.007942999519103822
2018-10,2018-10-19,baseline,0.001710502048074769
2018-10,2018-10-22,baseline,0.0033773786973996245
2018-10,2018-10-23,baseline,-0.029848921895652136
2018-10,2018-10-24,baseline,0.008325424723607977
2018-10,2018-10-25,baseline,-0.012052893197402215
2018-10,2018-10-26,baseline,-0.025089261106779892
2018-10,2018-10-29,baseline,-0.0255646809071427
2018-10,2018-10-30,baseline,0.004956371384980063
2018-10,2018-10-31,baseline,0.00818224152367919
2018-10,2018-11-01,baseline,-0.004286133879028542
2018-11,2018-11-02,low_pbr,0.031943514602607914
2018-11,2018-11-05,low_pbr,-0.017196193450370156
2018-11,2018-11-06,low_pbr,0.016416134597475818
2018-11,2018-11-07,low_pbr,-0.02064542248885748
2018-11,2018-11-08,low_pbr,0.018220227713107384
2018-11,2018-11-09,low_pbr,0.003071203710359738
2018-11,2018-11-12,low_pbr,-0.0005523809443798156
2018-11,2018-11-13,low_pbr,-0.005319561390327632
2018-11,2018-11-14,low_pbr,0.0015243523054333519
2018-11,2018-11-15,low_pbr,0.004115576356910955
2018-11,2018-11-16,low_pbr,0.007903191152417444
2018-11,2018-11-19,low_pbr,0.011037643638365235
2018-11,2018-11-20,low_pbr,0.0008031112439736976
2018-11,2018-11-21,low_pbr,0.007503873861256505
2018-11,2018-11-22,low_pbr,-0.012632983739682468
2018-11,2018-11-23,low_pbr,-0.006368670284521261
2018-11,2018-11-26,low_pbr,0.015409891472072612
2018-11,2018-11-27,low_pbr,0.004093574851829596
2018-11,2018-11-28,low_pbr,0.003062334933704003
2018-11,2018-11-29,low_pbr,0.006065081577307563
2018-11,2018-11-30,low_pbr,-0.002062795844643528
2018-11,2018-12-03,low_pbr,0.018961336230098214
2018-11,2018-11-02,high_pbr,0.03501979298889624
2018-11,2018-11-05,high_pbr,-0.0034432752247375298
2018-11,2018-11-06,high_pbr,0.005222169311769331
2018-11,2018-11-07,high_pbr,-0.0100638679622288
2018-11,2018-11-08,high_pbr,0.015449408057158998
2018-11,2018-11-09,high_pbr,-0.016726003660276323
2018-11,2018-11-12,high_pbr,-0.014292089444554956
2018-11,2018-11-13,high_pbr,0.006767089237143198
2018-11,2018-11-14,high_pbr,0.009796172174201478
2018-11,2018-11-15,high_pbr,0.02197430064821493
2018-11,2018-11-16,high_pbr,-0.0017809961552255338
2018-11,2018-11-19,high_pbr,0.01949553539350113
2018-11,2018-11-20,high_pbr,-0.0065344711775805475
2018-11,2018-11-21,high_pbr,0.007542548128660176
2018-11,2018-11-22,high_pbr,-0.0025780641026706963
2018-11,2018-11-23,high_pbr,-0.011785987043578472
2018-11,2018-11-26,high_pbr,0.02390370198288161
2018-11,2018-11-27,high_pbr,-0.0005604716680353006
2018-11,2018-11-28,high_pbr,0.00464903496282143
2018-11,2018-11-29,high_pbr,0.0029822440260580674
2018-11,2018-11-30,high_pbr,0.002710565882239724
2018-11,2018-12-03,high_pbr,0.007591354325724886
2018-11,2018-11-02,baseline,0.033365679548657434
2018-11,2018-11-05,baseline,-0.008432719889500007
2018-11,2018-11-06,baseline,0.013113607959245988
2018-11,2018-11-07,baseline,-0.0169976719230458
2018-11,2018-11-08,baseline,0.01651249984051395
2018-11,2018-11-09,baseline,-0.0029812469142055376
2018-11,2018-11-12,baseline,-0.0020253316086803475
2018-11,2018-11-13,baseline,-0.0001435825552943415
2018-11,2018-11-14,baseline,0.002753388341586671
2018-11,2018-11-15,baseline,0.01336013288210025
2018-11,2018-11-16,baseline,0.006140907930015871
2018-11,2018-11-19,baseline,0.013054897724650294
2018-11,2018-11-20,baseline,-0.001385897599972874
2018-11,2018-11-21,baseline,0.006353363847215965
2018-11,2018-11-22,baseline,-0.007869482234451386
2018-11,2018-11-23,baseline,-0.008271367607591285
2018-11,2018-11-26,baseline,0.017699824365134287
2018-11,2018-11-27,baseline,0.0008994264803752205
2018-11,2018-11-28,baseline,0.0037428752534163223
2018-11,2018-11-29,baseline,0.002608014424746008
2018-11,2018-11-30,baseline,-0.0004835707226000796
2018-11,2018-12-03,baseline,0.013002611563468491
2018-12,2018-12-04,low_pbr,-0.009547657839721002
2018-12,2018-12-05,low_pbr,-0.010783361156578297
2018-12,2018-12-06,low_pbr,-0.004346969932712996
2018-12,2018-12-07,low_pbr,-0.0030877289710413702
2018-12,2018-12-10,low_pbr,-0.005399938670925586
2018-12,2018-12-11,low_pbr,-6.151544746380022e-05
2018-12,2018-12-12,low_pbr,0.021999019017708177
2018-12,2018-12-13,low_pbr,0.011316950343810639
2018-12,2018-12-14,low_pbr,0.0075196843105598266
2018-12,2018-12-17,low_pbr,0.007644799798006918
2018-12,2018-12-18,low_pbr,-0.0032234303594362856
2018-12,2018-12-19,low_pbr,0.008972902141416439
2018-12,2018-12-20,low_pbr,-0.00271001731790943
2018-12,2018-12-21,low_pbr,-0.006233041652107585
2018-12,2018-12-24,low_pbr,-0.0019660654585317294
2018-12,2018-12-26,low_pbr,-0.018698330480596326
2018-12,2018-12-27,low_pbr,-0.010419054686609308
2018-12,2018-12-28,low_pbr,-0.004244297371255978
2018-12,2019-01-02,low_pbr,-0.013556450008063714
2018-12,2018-12-04,high_pbr,-0.0008039590349653292
2018-12,2018-12-05,high_pbr,-0.0040368617614181534
2018-12,2018-12-06,high_pbr,-0.018371390570425472
2018-12,2018-12-07,high_pbr,0.007193643401561145
2018-12,2018-12-10,high_pbr,-0.004522337650425978
2018-12,2018-12-11,high_pbr,-0.006100253414179524
2018-12,2018-12-12,high_pbr,0.019982976874103775
2018-12,2018-12-13,high_pbr,0.009558979518207833
2018-12,2018-12-14,high_pbr,-0.014674200834003948
2018-12,2018-12-17,high_pbr,-0.0013368040286181326
2018-12,2018-12-18,high_pbr,-0.002697374772126837
2018-12,2018-12-19,high_pbr,0.01442114329667521
2018-12,2018-12-20,high_pbr,-0.01061476094425573
2018-12,2018-12-21,high_pbr,0.006176965293177572
2018-12,2018-12-24,high_pbr,-0.010401324091539599
2018-12,2018-12-26,high_pbr,-0.014374390238260482
2018-12,2018-12-27,high_pbr,0.01863928934082848
2018-12,2018-12-28,high_pbr,0.011206866009872973
2018-12,2019-01-02,high_pbr,-0.020228059387587427
2018-12,2018-12-04,baseline,-0.0054527641110360126
2018-12,2018-12-05,baseline,-0.004479796942591929
2018-12,2018-12-06,baseline,-0.010798696610181513
2018-12,2018-12-07,baseline,-0.0012184288840194624
2018-12,2018-12-10,baseline,-0.0067092281393573705
2018-12,2018-12-11,baseline,-0.001716114994165796
2018-12,2018-12-12,baseline,0.018428985082447502
2018-12,2018-12-13,baseline,0.009740320642285694
2018-12,2018-12-14,baseline,-0.002024724194721994
2018-12,2018-12-17,baseline,0.0024386588416591692
2018-12,2018-12-18,baseline,-0.002910143239309382
2018-12,2018-12-19,baseline,0.007721211947513407
2018-12,2018-12-20,baseline,-0.0030819844645736394
2018-12,2018-12-21,baseline,-0.0014344860953480199
2018-12,2018-12-24,baseline,-0.005357135512351396
2018-12,2018-12-26,baseline,-0.018469109189774624
2018-12,2018-12-27,baseline,0.0016440601726526172
2018-12,2018-12-28,baseline,0.004182892236156199
2018-12,2019-01-02,baseline,-0.01622467550259854
2019-01,2019-01-03,low_pbr,-0.005740962902200275
2019-01,2019-01-04,low_pbr,0.006392049576244174
2019-01,2019-01-07,low_pbr,0.01025320976129751
2019-01,2019-01-08,low_pbr,-0.00288283882811613
2019-01,2019-01-09,low_pbr,0.014845902378448628
2019-01,2019-01-10,low_pbr,-0.0044855362419538025
2019-01,2019-01-11,low_pbr,0.00560057199020525
2019-01,2019-01-14,low_pbr,-0.0020723588395714643
2019-01,2019-01-15,low_pbr,0.010410123912573566
2019-01,2019-01-16,low_pbr,-0.001223088443578435
2019-01,2019-01-17,low_pbr,0.0019194070252139817
2019-01,2019-01-18,low_pbr,0.015361822227275335
2019-01,2019-01-21,low_pbr,0.0030163752757803586
2019-01,2019-01-22,low_pbr,-0.004395066228548239
2019-01,2019-01-23,low_pbr,0.018574245891069374
2019-01,2019-01-24,low_pbr,-0.002171338746088436
2019-01,2019-01-25,low_pbr,0.010003860360244365
2019-01,2019-01-28,low_pbr,6.141017103034052e-05
2019-01,2019-01-29,low_pbr,-0.006082580028278883
2019-01,2019-01-30,low_pbr,0.014857326955227457
2019-01,2019-01-31,low_pbr,0.0025103153612313633
2019-01,2019-02-01,low_pbr,0.0001914487157690381
2019-01,2019-01-03,high_pbr,-0.010075865813996887
2019-01,2019-01-04,high_pbr,0.017676992678588244
2019-01,2019-01-07,high_pbr,0.0020141322574578346
2019-01,2019-01-08,high_pbr,-0.006909072091279556
2019-01,2019-01-09,high_pbr,0.01549193573411678
2019-01,2019-01-10,high_pbr,-0.006998347554498019
2019-01,2019-01-11,high_pbr,0.006859637989509393
2019-01,2019-01-14,high_pbr,-0.00013562341077155704
2019-01,2019-01-15,high_pbr,0.004361213355973392
2019-01,2019-01-16,high_pbr,-0.006069626647864257
2019-01,2019-01-17,high_pbr,-0.010210796962526358
2019-01,2019-01-18,high_pbr,0.009676954259197235
2019-01,2019-01-21,high_pbr,-0.005832376072098522
2019-01,2019-01-22,high_pbr,0.0013750189993280149
2019-01,2019-01-23,high_pbr,0.007131654970198964
2019-01,2019-01-24,high_pbr,-0.006765078446023032
2019-01,2019-01-25,high_pbr,0.01190166545536453
2019-01,2019-01-28,high_pbr,0.0021072145747713655
2019-01,2019-01-29,high_pbr,-0.003939362951217995
2019-01,2019-01-30,high_pbr,0.005053861254353587
2019-01,2019-01-31,high_pbr,0.007770537553909884
2019-01,2019-02-01,high_pbr,-0.0006960089871860253
2019-01,2019-01-03,baseline,-0.00667167955370096
2019-01,2019-01-04,baseline,0.012594735776593868
2019-01,2019-01-07,baseline,0.009240956898316277
2019-01,2019-01-08,baseline,-0.003906860743301932
2019-01,2019-01-09,baseline,0.014607161412028002
2019-01,2019-01-10,baseline,-0.005068731968849605
2019-01,2019-01-11,baseline,0.003588437723468063
2019-01,2019-01-14,baseline,-0.0015458314249616745
2019-01,2019-01-15,baseline,0.007971926323582235
2019-01,2019-01-16,baseline,0.00018655403227096912
2019-01,2019-01-17,baseline,-0.0033234148617170556
2019-01,2019-01-18,baseline,0.010936646649137405
2019-01,2019-01-21,baseline,-0.0005098175069452315
2019-01,2019-01-22,baseline,-0.003338708770338372
2019-01,2019-01-23,baseline,0.011272250129685801
2019-01,2019-01-24,baseline,-0.002478970202743569
2019-01,2019-01-25,baseline,0.009627765141792866
2019-01,2019-01-28,baseline,-0.00047257278576506856
2019-01,2019-01-29,baseline,-0.0026949491182396423
2019-01,2019-01-30,baseline,0.00987839596979212
2019-01,2019-01-31,baseline,0.003037561435631053
2019-01,2019-02-01,baseline,-0.0020989840898776313
2019-02,2019-02-07,high_pbr,0.00046799815609133155
2019-02,2019-02-08,high_pbr,-0.0017279813284074574
2019-02,2019-02-11,high_pbr,0.0036365464246346235
2019-02,2019-02-12,high_pbr,-0.009542901158067774
2019-02,2019-02-13,high_pbr,0.009583680541422446
2019-02,2019-02-14,high_pbr,0.013291505453682628
2019-02,2019-02-15,high_pbr,0.0017574304182572664
2019-02,2019-02-18,high_pbr,0.009756369603516335
2019-02,2019-02-19,high_pbr,0.001271669020229238
2019-02,2019-02-20,high_pbr,0.008855610240638079
2019-02,2019-02-21,high_pbr,-0.0028575094083516106
2019-02,2019-02-22,high_pbr,0.001716526777983729
2019-02,2019-02-25,high_pbr,-0.0007644153092898343
2019-02,2019-02-26,high_pbr,0.0006206165750559656
2019-02,2019-02-27,high_pbr,0.006039134541664826
2019-02,2019-02-28,high_pbr,-0.011141519066345862
2019-02,2019-03-04,high_pbr,0.008018425320013067
2019-03,2019-03-05,low_pbr,-0.0020179155224469003
2019-03,2019-03-06,low_pbr,-0.0029094091797869925
2019-03,2019-03-07,low_pbr,-0.009022945576528718
2019-03,2019-03-08,low_pbr,-0.012148298531182378
2019-03,2019-03-11,low_pbr,-0.0017970362899730752
2019-03,2019-03-12,low_pbr,0.008560194815317557
2019-03,2019-03-13,low_pbr,0.002383345653252489
2019-03,2019-03-14,low_pbr,0.0060084773887090215
2019-03,2019-03-15,low_pbr,0.01773346146659005
2019-03,2019-03-18,low_pbr,-0.0011288835809948328
2019-03,2019-03-19,low_pbr,-0.0046530352085893956
2019-03,2019-03-20,low_pbr,-0.0025705374852459384
2019-03,2019-03-21,low_pbr,-0.016184842433415447
2019-03,2019-03-22,low_pbr,-0.00805318883428785
2019-03,2019-03-25,low_pbr,-0.018607775986823172
2019-03,2019-03-26,low_pbr,0.0016758433936705508
2019-03,2019-03-27,low_pbr,-0.0021107187040803055
2019-03,2019-03-28,low_pbr,-0.010062592109680746
2019-03,2019-03-29,low_pbr,0.005865662216096412
2019-03,2019-04-01,low_pbr,0.01996241528779774
2019-03,2019-03-05,high_pbr,-3.081088652834296e-05
2019-03,2019-03-06,high_pbr,-0.006660748935822247
2019-03,2019-03-07,high_pbr,-0.005474840133480874
2019-03,2019-03-08,high_pbr,-0.01043665523941828
2019-03,2019-03-11,high_pbr,0.001666550656843624
2019-03,2019-03-12,high_pbr,0.0010948669418509027
2019-03,2019-03-13,high_pbr,0.0057666505819826686
2019-03,2019-03-14,high_pbr,0.0022712082784004384
2019-03,2019-03-15,high_pbr,0.004256881614172814
2019-03,2019-03-18,high_pbr,0.009310110838178343
2019-03,2019-03-19,high_pbr,-0.007199285540293254
2019-03,2019-03-20,high_pbr,-0.0030569868582618343
2019-03,2019-03-21,high_pbr,-0.013174862423775635
2019-03,2019-03-22,high_pbr,-0.0031346678437278452
2019-03,2019-03-25,high_pbr,-0.01740595807256673
2019-03,2019-03-26,high_pbr,0.01272220662463619
2019-03,2019-03-27,high_pbr,-0.004933672889007923
2019-03,2019-03-28,high_pbr,-0.01048634196479159
2019-03,2019-03-29,high_pbr,0.011115472757954326
2019-03,2019-04-01,high_pbr,0.008421910810685551
2019-03,2019-03-05,baseline,-0.0022919707279652757
2019-03,2019-03-06,baseline,-0.0036362143777125544
2019-03,2019-03-07,baseline,-0.008962430653487341
2019-03,2019-03-08,baseline,-0.012416616723512575
2019-03,2019-03-11,baseline,0.0026504319056743775
2019-03,2019-03-12,baseline,0.0052498317734908095
2019-03,2019-03-13,baseline,0.001433734168497569
2019-03,2019-03-14,baseline,0.00614805988017908
2019-03,2019-03-15,baseline,0.01211226223102857
2019-03,2019-03-18,baseline,0.004065661490110228
2019-03,2019-03-19,baseline,-0.004963738511114091
2019-03,2019-03-20,baseline,-0.0021149538374406474
2019-03,2019-03-21,baseline,-0.014499504466216728
2019-03,2019-03-22,baseline,-0.003707594560924954
2019-03,2019-03-25,baseline,-0.017137979384163726
2019-03,2019-03-26,baseline,0.00734648279611072
2019-03,2019-03-27,baseline,0.0003059000278387014
2019-03,2019-03-28,baseline,-0.009506237327613909
2019-03,2019-03-29,baseline,0.009662125104348052
2019-03,2019-04-01,baseline,0.013306856608399587
2019-04,2019-04-02,low_pbr,-0.0008337210314584009
2019-04,2019-04-03,low_pbr,0.014313441298867025
2019-04,2019-04-04,low_pbr,0.0025634451444700446
2019-04,2019-04-05,low_pbr,0.004035236314840596
2019-04,2019-04-08,low_pbr,0.002718035962037124
2019-04,2019-04-09,low_pbr,-0.0008637436425287248
2019-04,2019-04-10,low_pbr,0.012318027273355181
2019-04,2019-04-11,low_pbr,-0.0012433391450236142
2019-04,2019-04-12,low_pbr,0.003965985083424384
2019-04,2019-04-15,low_pbr,0.0008480606292335935
2019-04,2019-04-16,low_pbr,-0.00031402497108268257
2019-04,2019-04-17,low_pbr,0.00368318776690324
2019-04,2019-04-18,low_pbr,-0.012690986145403316
2019-04,2019-04-19,low_pbr,0.002459758440104709
2019-04,2019-04-22,low_pbr,-0.0032790716177852897
2019-04,2019-04-23,low_pbr,0.0019094251078868307
2019-04,2019-04-24,low_pbr,-0.011228618718242545
2019-04,2019-04-25,low_pbr,-0.004458930464253386
2019-04,2019-04-26,low_pbr,-0.008803508195268983
2019-04,2019-04-29,low_pbr,0.017041404892807588
2019-04,2019-04-30,low_pbr,-0.008280511117056855
2019-04,2019-05-02,low_pbr,0.0007805176437025718
2019-04,2019-04-02,high_pbr,-0.0033936726036840614
2019-04,2019-04-03,high_pbr,0.006338667372390638
2019-04,2019-04-04,high_pbr,0.0009421270639298207
2019-04,2019-04-05,high_pbr,-0.005977031842525293
2019-04,2019-04-08,high_pbr,0.001212842774256151
2019-04,2019-04-09,high_pbr,0.006073707184493626
2019-04,2019-04-10,high_pbr,0.005433355867138001
2019-04,2019-04-11,high_pbr,0.003395526713165342
2019-04,2019-04-12,high_pbr,0.006481290981895649
2019-04,2019-04-15,high_pbr,0.005083713728501804
2019-04,2019-04-16,high_pbr,0.00027719641517687243
2019-04,2019-04-17,high_pbr,0.0015072095367174576
2019-04,2019-04-18,high_pbr,-0.01558673061029281
2019-04,2019-04-19,high_pbr,0.007494968652989931
2019-04,2019-04-22,high_pbr,-0.0010611305348976474
2019-04,2019-04-23,high_pbr,0.0010861800177814906
2019-04,2019-04-24,high_pbr,-0.009936360676676803
2019-04,2019-04-25,high_pbr,-0.00630750722185669
2019-04,2019-04-26,high_pbr,-0.00377333973882521
2019-04,2019-04-29,high_pbr,0.012440392619504026
2019-04,2019-04-30,high_pbr,-0.0011865318195685148
2019-04,2019-05-02,high_pbr,0.0031343471371247933
2019-04,2019-04-02,baseline,-0.002607104119297099
2019-04,2019-04-03,baseline,0.010371531849149518
2019-04,2019-04-04,baseline,0.0015243956270312164
2019-04,2019-04-05,baseline,0.001675156218251761
2019-04,2019-04-08,baseline,0.0005369599721936069
2019-04,2019-04-09,baseline,0.0004013654508090436
2019-04,2019-04-10,baseline,0.007247868923961676
2019-04,2019-04-11,baseline,0.001747683945614087
2019-04,2019-04-12,baseline,0.004668005989036272
2019-04,2019-04-15,baseline,0.0028512745421471752
2019-04,2019-04-16,baseline,-0.0012830240840339124
2019-04,2019-04-17,baseline,0.0007294474308068288
2019-04,2019-04-18,baseline,-0.011252091383212148
2019-04,2019-04-19,baseline,0.0005713202562558362
2019-04,2019-04-22,baseline,-0.0015778242267167064
2019-04,2019-04-23,baseline,0.0009280166252099153
2019-04,2019-04-24,baseline,-0.009392772552568984
2019-04,2019-04-25,baseline,-0.004795554489062881
2019-04,2019-04-26,baseline,-0.007201717019589382
2019-04,2019-04-29,baseline,0.015729696327233755
2019-04,2019-04-30,baseline,-0.005812061553311376
2019-04,2019-05-02,baseline,0.00412872931211461
2019-05,2019-05-03,low_pbr,-0.014770838632009786
2019-05,2019-05-07,low_pbr,-0.00948519208310683
2019-05,2019-05-08,low_pbr,0.0012758046748275742
2019-05,2019-05-09,low_pbr,-0.0301289099954124
2019-05,2019-05-10,low_pbr,-0.001307738640835554
2019-05,2019-05-13,low_pbr,-0.018340437379363084
2019-05,2019-05-14,low_pbr,0.004292619535209541
2019-05,2019-05-15,low_pbr,0.004448772522785971
2019-05,2019-05-16,low_pbr,-0.01066591234518055
2019-05,2019-05-17,low_pbr,-0.005665135189082404
2019-05,2019-05-20,low_pbr,-0.009716077920338018
2019-05,2019-05-21,low_pbr,-0.0025701715785527712
2019-05,2019-05-22,low_pbr,-0.0032269477996855755
2019-05,2019-05-23,low_pbr,-0.006509192994999968
2019-05,2019-05-24,low_pbr,0.002252669446823674
2019-05,2019-05-27,low_pbr,0.0012915312824588465
2019-05,2019-05-28,low_pbr,0.0018704922514249933
2019-05,2019-05-29,low_pbr,-0.021118626234463922
2019-05,2019-05-30,low_pbr,0.0008474882522757632
2019-05,2019-05-31,low_pbr,-0.002950210919420937
2019-05,2019-06-03,low_pbr,0.00615784925401619
2019-05,2019-05-03,high_pbr,-0.004360183398836259
2019-05,2019-05-07,high_pbr,-0.014573221379086787
2019-05,2019-05-08,high_pbr,-0.00491715901462475
2019-05,2019-05-09,high_pbr,-0.03272676718441336
2019-05,2019-05-10,high_pbr,0.005504161827667442
2019-05,2019-05-13,high_pbr,-0.023317337314628594
2019-05,2019-05-14,high_pbr,0.002405078750238765
2019-05,2019-05-15,high_pbr,0.00957939461752555
2019-05,2019-05-16,high_pbr,-0.014252720471327751
2019-05,2019-05-17,high_pbr,-0.011280059545744736
2019-05,2019-05-20,high_pbr,-0.013728564327599613
2019-05,2019-05-21,high_pbr,-0.001392071125091432
2019-05,2019-05-22,high_pbr,0.006325955204337541
2019-05,2019-05-23,high_pbr,-0.008665095927387068
2019-05,2019-05-24,high_pbr,-0.0035891432295456216
2019-05,2019-05-27,high_pbr,0.0008505758988819334
2019-05,2019-05-28,high_pbr,0.0014356835705355842
2019-05,2019-05-29,high_pbr,-0.017165790614008913
2019-05,2019-05-30,high_pbr,3.8348420018818885e-05
2019-05,2019-05-31,high_pbr,0.009674854389857934
2019-05,2019-06-03,high_pbr,0.0011681839176145292
2019-05,2019-05-03,baseline,-0.009819977804456648
2019-05,2019-05-07,baseline,-0.011696011833227549
2019-05,2019-05-08,baseline,-0.0002742004710293289
2019-05,2019-05-09,baseline,-0.02967747254459141
2019-05,2019-05-10,baseline,0.0025701101729040943
2019-05,2019-05-13,baseline,-0.017854768943104338
2019-05,2019-05-14,baseline,0.0019485320726408961
2019-05,2019-05-15,baseline,0.010336772108851644
2019-05,2019-05-16,baseline,-0.008117161533541917
2019-05,2019-05-17,baseline,-0.00642954816528607
2019-05,2019-05-20,baseline,-0.007235347799621872
2019-05,2019-05-21,baseline,-0.0007539218861152275
2019-05,2019-05-22,baseline,0.0011240494376749677
2019-05,2019-05-23,baseline,-0.0041074463384210835
2019-05,2019-05-24,baseline,-0.00068394807328509
2019-05,2019-05-27,baseline,0.0018538997565036297
2019-05,2019-05-28,baseline,0.0036733650811666685
2019-05,2019-05-29,baseline,-0.01695264106498806
2019-05,2019-05-30,baseline,0.001706290068288041
2019-05,2019-05-31,baseline,0.000955216536982384
2019-05,2019-06-03,baseline,0.0063253670206082635
2019-06,2019-06-04,low_pbr,0.0023073680029486177
2019-06,2019-06-05,low_pbr,-0.0025281912704985254
2019-06,2019-06-07,low_pbr,0.002795662830976875
2019-06,2019-06-10,low_pbr,0.011491246111381859
2019-06,2019-06-11,low_pbr,0.015458340792734004
2019-06,2019-06-12,low_pbr,-0.0009784345852222875
2019-06,2019-06-13,low_pbr,0.004193791348124254
2019-06,2019-06-14,low_pbr,-0.007019647748200741
2019-06,2019-06-17,low_pbr,-0.0009537718641550175
2019-06,2019-06-18,low_pbr,0.005140038590101703
2019-06,2019-06-19,low_pbr,0.007083710533410281
2019-06,2019-06-20,low_pbr,0.005997369522239504
2019-06,2019-06-21,low_pbr,-0.002697989145620139
2019-06,2019-06-24,low_pbr,0.0056080042836044175
2019-06,2019-06-25,low_pbr,-0.003950240937470317
2019-06,2019-06-26,low_pbr,-0.003393050625984162
2019-06,2019-06-27,low_pbr,0.00696544478460881
2019-06,2019-06-28,low_pbr,-0.01041079786337118
2019-06,2019-07-01,low_pbr,0.005775803678087055
2019-06,2019-06-04,high_pbr,-7.953737513166637e-05
2019-06,2019-06-05,high_pbr,0.00029206661819514146
2019-06,2019-06-07,high_pbr,0.006404335998097421
2019-06,2019-06-10,high_pbr,0.008606439594880833
2019-06,2019-06-11,high_pbr,0.0035638210241466517
2019-06,2019-06-12,high_pbr,-3.889553335689744e-05
2019-06,2019-06-13,high_pbr,0.00999821699605441
2019-06,2019-06-14,high_pbr,-0.008535096718121693
2019-06,2019-06-17,high_pbr,-0.00465250045586818
2019-06,2019-06-18,high_pbr,0.00479266772895337
2019-06,2019-06-19,high_pbr,0.005775075161007948
2019-06,2019-06-20,high_pbr,0.007209759215663025
2019-06,2019-06-21,high_pbr,-0.003957976603835567
2019-06,2019-06-24,high_pbr,-0.0038239653852366606
2019-06,2019-06-25,high_pbr,-0.00435324429475159
2019-06,2019-06-26,high_pbr,-0.0025819337824607436
2019-06,2019-06-27,high_pbr,0.002207237158981412
2019-06,2019-06-28,high_pbr,-0.009649932795940397
2019-06,2019-07-01,high_pbr,0.004800691787250955
2019-06,2019-06-04,baseline,0.0021225737023633506
2019-06,2019-06-05,baseline,-0.00021403940412156874
2019-06,2019-06-07,baseline,0.0025949345375040345
2019-06,2019-06-10,baseline,0.012454996885703729
2019-06,2019-06-11,baseline,0.007648036745105724
2019-06,2019-06-12,baseline,0.0014878046026423064
2019-06,2019-06-13,baseline,0.008639709522758388
2019-06,2019-06-14,baseline,-0.007109016860789463
2019-06,2019-06-17,baseline,-0.0034444175347814188
2019-06,2019-06-18,baseline,0.001591233704541617
2019-06,2019-06-19,baseline,0.007130796866010147
2019-06,2019-06-20,baseline,0.003784586946438573
2019-06,2019-06-21,baseline,-0.004149712234493452
2019-06,2019-06-24,baseline,0.0024128643642593595
2019-06,2019-06-25,baseline,-0.005257962714188769
2019-06,2019-06-26,baseline,-0.003094408195311482
2019-06,2019-06-27,baseline,0.004614924546235244
2019-06,2019-06-28,baseline,-0.007774840696302188
2019-06,2019-07-01,baseline,0.003774920022550754
2019-07,2019-07-02,low_pbr,-0.0012397733196847227
2019-07,2019-07-03,low_pbr,-0.009545429263198457
2019-07,2019-07-04,low_pbr,0.007742225325487961
2019-07,2019-07-05,low_pbr,0.009266989362509026
2019-07,2019-07-08,low_pbr,-0.022451800544313172
2019-07,2019-07-09,low_pbr,-0.011650993611140525
2019-07,2019-07-10,low_pbr,-0.004550971789861191
2019-07,2019-07-11,low_pbr,0.009563887864048048
2019-07,2019-07-12,low_pbr,0.006311833837203462
2019-07,2019-07-15,low_pbr,-0.009298239701990507
2019-07,2019-07-16,low_pbr,0.0032578346064553454
2019-07,2019-07-17,low_pbr,-0.012489666623519469
2019-07,2019-07-18,low_pbr,-0.010479121750467613
2019-07,2019-07-19,low_pbr,0.015605728189984402
2019-07,2019-07-22,low_pbr,-0.004614539157198672
2019-07,2019-07-23,low_pbr,0.006263958713859097
2019-07,2019-07-24,low_pbr,-0.0043510151113578255
2019-07,2019-07-25,low_pbr,-0.016026317259718148
2019-07,2019-07-26,low_pbr,-0.010119105387894511
2019-07,2019-07-29,low_pbr,-0.019476122223410886
2019-07,2019-07-30,low_pbr,0.0019029157797985086
2019-07,2019-07-31,low_pbr,-0.006002804243818383
2019-07,2019-08-01,low_pbr,-0.006963760827679577
2019-07,2019-07-02,high_pbr,-0.005527624092064531
2019-07,2019-07-03,high_pbr,-0.0011531755025627755
2019-07,2019-07-04,high_pbr,-0.014538593727104532
2019-07,2019-07-05,high_pbr,0.009585639588220118
2019-07,2019-07-08,high_pbr,-0.023209564513916425
2019-07,2019-07-09,high_pbr,-0.018904407363745324
2019-07,2019-07-10,high_pbr,0.0014500239957175864
2019-07,2019-07-11,high_pbr,0.01593419779009997
2019-07,2019-07-12,high_pbr,0.0003840461509745374
2019-07,2019-07-15,high_pbr,0.0024588404064884717
2019-07,2019-07-16,high_pbr,0.011651626401965487
2019-07,2019-07-17,high_pbr,-0.011905668335265296
2019-07,2019-07-18,high_pbr,-0.003182671242196844
2019-07,2019-07-19,high_pbr,0.013430982273529901
2019-07,2019-07-22,high_pbr,-0.0049238969308782465
2019-07,2019-07-23,high_pbr,-0.004230750147704687
2019-07,2019-07-24,high_pbr,-0.008440018944040006
2019-07,2019-07-25,high_pbr,-0.004266264187137714
2019-07,2019-07-26,high_pbr,-0.010089367537522764
2019-07,2019-07-29,high_pbr,-0.02204609646308775
2019-07,2019-07-30,high_pbr,0.001724907492983263
2019-07,2019-07-31,high_pbr,0.0023015835923472228
2019-07,2019-08-01,high_pbr,0.0001194764487895128
2019-07,2019-07-02,baseline,-0.0018534396943870046
2019-07,2019-07-03,baseline,-0.009468800095199903
2019-07,2019-07-04,baseline,0.003317445399131369
2019-07,2019-07-05,baseline,0.004996434623166346
2019-07,2019-07-08,baseline,-0.02306244136186064
2019-07,2019-07-09,baseline,-0.014605061112840545
2019-07,2019-07-10,baseline,-0.00056470179262047
2019-07,2019-07-11,baseline,0.010885287167577529
2019-07,2019-07-12,baseline,0.0037327764579555556
2019-07,2019-07-15,baseline,-0.00546414435374365
2019-07,2019-07-16,baseline,0.006320367845509045
2019-07,2019-07-17,baseline,-0.009732104854267787
2019-07,2019-07-18,baseline,-0.005521600669223692
2019-07,2019-07-19,baseline,0.015317852648990327
2019-07,2019-07-22,baseline,-0.004270483457449625
2019-07,2019-07-23,baseline,0.0036023141927903346
2019-07,2019-07-24,baseline,-0.006949510044397922
2019-07,2019-07-25,baseline,-0.011771373365989102
2019-07,2019-07-26,baseline,-0.007535227553255641
2019-07,2019-07-29,baseline,-0.01914886403129623
2019-07,2019-07-30,baseline,0.0031839155305799505
2019-07,2019-07-31,baseline,-0.0006264663227296685
2019-07,2019-08-01,baseline,-0.005201132205093328
2019-08,2019-08-02,low_pbr,-0.019212826201692068
2019-08,2019-08-05,low_pbr,-0.03100003652368355
2019-08,2019-08-06,low_pbr,-0.010884745994713674
2019-08,2019-08-07,low_pbr,-0.010494629692550994
2019-08,2019-08-08,low_pbr,0.013503715377658931
2019-08,2019-08-09,low_pbr,-0.00026184470939250026
2019-08,2019-08-12,low_pbr,-0.008851377274940897
2019-08,2019-08-13,low_pbr,-0.003357602120906966
2019-08,2019-08-14,low_pbr,-0.0005048406377393677
2019-08,2019-08-16,low_pbr,-0.015756708733850266
2019-08,2019-08-19,low_pbr,0.02836342715444795
2019-08,2019-08-20,low_pbr,0.005218054451570975
2019-08,2019-08-21,low_pbr,0.007112291198222875
2019-08,2019-08-22,low_pbr,-0.0027732876122551486
2019-08,2019-08-23,low_pbr,-0.00786646657895329
2019-08,2019-08-26,low_pbr,-0.016288374126607996
2019-08,2019-08-27,low_pbr,-0.005362616107691398
2019-08,2019-08-28,low_pbr,0.013452811059971204
2019-08,2019-08-29,low_pbr,0.003391836980781715
2019-08,2019-08-30,low_pbr,0.019734775804909788
2019-08,2019-09-02,low_pbr,0.0023150876459927527
2019-08,2019-08-02,high_pbr,-0.009635576847358385
2019-08,2019-08-05,high_pbr,-0.04440733343184389
2019-08,2019-08-06,high_pbr,-0.018835011981427785
2019-08,2019-08-07,high_pbr,-0.0023662117017358986
2019-08,2019-08-08,high_pbr,0.0327740266258667
2019-08,2019-08-09,high_pbr,0.004842139075714291
2019-08,2019-08-12,high_pbr,0.004628436496592725
2019-08,2019-08-13,high_pbr,-0.0029844934215688124
2019-08,2019-08-14,high_pbr,-0.0084394899953949
2019-08,2019-08-16,high_pbr,-0.005300867207530646
2019-08,2019-08-19,high_pbr,0.004526095386009343
2019-08,2019-08-20,high_pbr,0.013084470316539587
2019-08,2019-08-21,high_pbr,0.004940578155633313
2019-08,2019-08-22,high_pbr,-0.001545533363544127
2019-08,2019-08-23,high_pbr,-0.0070083748342810726
2019-08,2019-08-26,high_pbr,-0.02149634706190362
2019-08,2019-08-27,high_pbr,0.0043235923036561985
2019-08,2019-08-28,high_pbr,0.015597741778997865
2019-08,2019-08-29,high_pbr,0.0019569755711856818
2019-08,2019-08-30,high_pbr,0.015300918609510106
2019-08,2019-09-02,high_pbr,0.0038704483340077367
2019-08,2019-08-02,baseline,-0.01426481307309646
2019-08,2019-08-05,baseline,-0.031219580451132156
2019-08,2019-08-06,baseline,-0.013807660463113991
2019-08,2019-08-07,baseline,-0.006413147612780112
2019-08,2019-08-08,baseline,0.018455012515335323
2019-08,2019-08-09,baseline,0.0029014944781526886
2019-08,2019-08-12,baseline,-0.003097906109977955
2019-08,2019-08-13,baseline,-0.0028465602171204862
2019-08,2019-08-14,baseline,0.0011275057784985165
2019-08,2019-08-16,baseline,-0.010298572512378978
2019-08,2019-08-19,baseline,0.017125248908298474
2019-08,2019-08-20,baseline,0.006924149534306645
2019-08,2019-08-21,baseline,0.004778431566528241
2019-08,2019-08-22,baseline,-0.003761366439011593
2019-08,2019-08-23,baseline,-0.0053995211974425805
2019-08,2019-08-26,baseline,-0.017348586852164893
2019-08,2019-08-27,baseline,-0.0014552671753379487
2019-08,2019-08-28,baseline,0.011569122144409638
2019-08,2019-08-29,baseline,0.00258766991814241
2019-08,2019-08-30,baseline,0.015338352873867755
2019-08,2019-09-02,baseline,0.0038774437626625247
2019-09,2019-09-03,low_pbr,0.0037840284901902166
2019-09,2019-09-04,low_pbr,0.006763548736898883
2019-09,2019-09-05,low_pbr,-0.0009560096496765702
2019-09,2019-09-06,low_pbr,-0.00479200633589727
2019-09,2019-09-09,low_pbr,0.0015935799769684067
2019-09,2019-09-10,low_pbr,0.017090393451438812
2019-09,2019-09-11,low_pbr,0.01633265119777305
2019-09,2019-09-16,low_pbr,0.01330404829437093
2019-09,2019-09-17,low_pbr,-0.00023654203805745233
2019-09,2019-09-18,low_pbr,-0.0041376934030242785
2019-09,2019-09-19,low_pbr,-0.00538295975700398
2019-09,2019-09-20,low_pbr,0.004675312017310418
2019-09,2019-09-23,low_pbr,0.0012701956718359497
2019-09,2019-09-24,low_pbr,0.0033148081689531317
2019-09,2019-09-25,low_pbr,-0.014745230496071349
2019-09,2019-09-26,low_pbr,-0.004079310495314403
2019-09,2019-09-27,low_pbr,-0.015923305629246487
2019-09,2019-09-30,low_pbr,0.006753561629967653
2019-09,2019-10-01,low_pbr,0.006379435987195814
2019-09,2019-09-03,high_pbr,0.010970053315395578
2019-09,2019-09-04,high_pbr,0.009907933009605241
2019-09,2019-09-05,high_pbr,-0.009198882898921457
2019-09,2019-09-06,high_pbr,-0.003628348085086164
2019-09,2019-09-09,high_pbr,-0.0020365622583835563
2019-09,2019-09-10,high_pbr,0.003948268578485514
2019-09,2019-09-11,high_pbr,0.013900366912320994
2019-09,2019-09-16,high_pbr,0.012324150132288825
2019-09,2019-09-17,high_pbr,0.003438253756595344
2019-09,2019-09-18,high_pbr,0.003581419338935854
2019-09,2019-09-19,high_pbr,-0.003923154337361456
2019-09,2019-09-20,high_pbr,0.006198998035509717
2019-09,2019-09-23,high_pbr,-0.007723014575880427
2019-09,2019-09-24,high_pbr,0.004463294787051986
2019-09,2019-09-25,high_pbr,-0.016560302675854177
2019-09,2019-09-26,high_pbr,-0.0015148737170780358
2019-09,2019-09-27,high_pbr,-0.005111800838613956
2019-09,2019-09-30,high_pbr,-0.0015780339687498923
2019-09,2019-10-01,high_pbr,0.01791785176070171
2019-09,2019-09-03,baseline,0.003912709814030579
2019-09,2019-09-04,baseline,0.009289037602432604
2019-09,2019-09-05,baseline,-0.003209004049972486
2019-09,2019-09-06,baseline,-0.003464149353676005
2019-09,2019-09-09,baseline,0.00011393693119332582
2019-09,2019-09-10,baseline,0.011208368869197072
2019-09,2019-09-11,baseline,0.011816950784435454
2019-09,2019-09-16,baseline,0.01285996382026
2019-09,2019-09-17,baseline,0.0016095365037174236
2019-09,2019-09-18,baseline,0.00041252701624117094
2019-09,2019-09-19,baseline,-0.005362436465354836
2019-09,2019-09-20,baseline,0.00668439640483065
2019-09,2019-09-23,baseline,-0.0010017162199662533
2019-09,2019-09-24,baseline,0.004569479298092594
2019-09,2019-09-25,baseline,-0.016056098446202816
2019-09,2019-09-26,baseline,-0.0008139546331844549
2019-09,2019-09-27,baseline,-0.010032461749788002
2019-09,2019-09-30,baseline,0.0051800805706623265
2019-09,2019-10-01,baseline,0.00812569409560071
2019-10,2019-10-02,low_pbr,-0.024526457837782845
2019-10,2019-10-04,low_pbr,-0.01579509855187622
2019-10,2019-10-07,low_pbr,-0.0021049675064679363
2019-10,2019-10-08,low_pbr,0.007017581242382276
2019-10,2019-10-10,low_pbr,-0.0164198974796409
2019-10,2019-10-11,low_pbr,0.009100842189238234
2019-10,2019-10-14,low_pbr,0.021942932119771275
2019-10,2019-10-15,low_pbr,0.004507218554623993
2019-10,2019-10-16,low_pbr,0.005236667615419188
2019-10,2019-10-17,low_pbr,-0.00194499242949564
2019-10,2019-10-18,low_pbr,-0.004954676132345015
2019-10,2019-10-21,low_pbr,-0.0012653284736660053
2019-10,2019-10-22,low_pbr,0.007267975726269471
2019-10,2019-10-23,low_pbr,-0.015278437069957573
2019-10,2019-10-24,low_pbr,-0.0034970775339162596
2019-10,2019-10-25,low_pbr,-0.00132145725428634
2019-10,2019-10-28,low_pbr,-0.0005088236467428731
2019-10,2019-10-29,low_pbr,-0.0038704048884236064
2019-10,2019-10-30,low_pbr,-0.012847946953413403
2019-10,2019-10-31,low_pbr,-0.0033656522671458022
2019-10,2019-11-01,low_pbr,-0.0015361003586767952
2019-10,2019-10-02,high_pbr,-0.01347443314443797
2019-10,2019-10-04,high_pbr,-0.013478341975390662
2019-10,2019-10-07,high_pbr,0.007840535449307628
2019-10,2019-10-08,high_pbr,0.010749624257981871
2019-10,2019-10-10,high_pbr,-0.012133056898060102
2019-10,2019-10-11,high_pbr,-0.001195069032994156
2019-10,2019-10-14,high_pbr,0.011231523366240337
2019-10,2019-10-15,high_pbr,0.004069010021627184
2019-10,2019-10-16,high_pbr,0.009843611953205267
2019-10,2019-10-17,high_pbr,-0.0029033699074885178
2019-10,2019-10-18,high_pbr,-0.005373974798641323
2019-10,2019-10-21,high_pbr,0.0002676316223899633
2019-10,2019-10-22,high_pbr,0.010806713347545793
2019-10,2019-10-23,high_pbr,0.0006262773541645394
2019-10,2019-10-24,high_pbr,4.88159977256597e-05
2019-10,2019-10-25,high_pbr,0.0011128998435123716
2019-10,2019-10-28,high_pbr,0.0016984636727030988
2019-10,2019-10-29,high_pbr,0.002444340495871833
2019-10,2019-10-30,high_pbr,0.00963962114924577
2019-10,2019-10-31,high_pbr,0.005842402506790467
2019-10,2019-11-01,high_pbr,0.0055802039826442495
2019-10,2019-10-02,baseline,-0.019709408935741468
2019-10,2019-10-04,baseline,-0.012526355299885328
2019-10,2019-10-07,baseline,0.0017323485028202246
2019-10,2019-10-08,baseline,0.008026130819449584
2019-10,2019-10-10,baseline,-0.013417053513949062
2019-10,2019-10-11,baseline,0.005036590425397058
2019-10,2019-10-14,baseline,0.015237400048171645
2019-10,2019-10-15,baseline,0.0046346270822053
2019-10,2019-10-16,baseline,0.006148689078818714
2019-10,2019-10-17,baseline,-0.002221590785182359
2019-10,2019-10-18,baseline,-0.003162761899140998
2019-10,2019-10-21,baseline,-0.0009222999724113334
2019-10,2019-10-22,baseline,0.008271302972862937
2019-10,2019-10-23,baseline,-0.009134053964716005
2019-10,2019-10-24,baseline,0.001039287072715167
2019-10,2019-10-25,baseline,0.00023889566214130298
2019-10,2019-10-28,baseline,0.001908747508185371
2019-10,2019-10-29,baseline,-0.0023760803937076247
2019-10,2019-10-30,baseline,-0.006456670144078469
2019-10,2019-10-31,baseline,0.0011132401601794406
2019-10,2019-11-01,baseline,0.0014938485027871096
2019-11,2019-11-04,low_pbr,0.025643998605664686
2019-11,2019-11-05,low_pbr,0.002799223971127862
2019-11,2019-11-06,low_pbr,0.006653311521996885
2019-11,2019-11-07,low_pbr,0.0065600757454493674
2019-11,2019-11-08,low_pbr,0.0021462302070591743
2019-11,2019-11-11,low_pbr,-0.007745530757457875
2019-11,2019-11-12,low_pbr,0.005402604282840118
2019-11,2019-11-13,low_pbr,-0.0054623474246531245
2019-11,2019-11-14,low_pbr,0.005012144404213714
2019-11,2019-11-15,low_pbr,0.009034925687088746
2019-11,2019-11-18,low_pbr,-0.006790919274318852
2019-11,2019-11-19,low_pbr,-0.00845301469920312
2019-11,2019-11-20,low_pbr,-0.010638077629235299
2019-11,2019-11-21,low_pbr,-0.013290191932861406
2019-11,2019-11-22,low_pbr,0.0010314838503693302
2019-11,2019-11-25,low_pbr,0.01638986989750668
2019-11,2019-11-26,low_pbr,0.006649632962808294
2019-11,2019-11-27,low_pbr,0.008269415239542832
2019-11,2019-11-28,low_pbr,-0.003101638091111525
2019-11,2019-11-29,low_pbr,-0.01491116249219393
2019-11,2019-12-02,low_pbr,0.004163537603309786
2019-11,2019-11-04,high_pbr,0.013613548676949083
2019-11,2019-11-05,high_pbr,0.00035160856584659506
2019-11,2019-11-06,high_pbr,0.003762521293244614
2019-11,2019-11-07,high_pbr,-0.0027787647938284366
2019-11,2019-11-08,high_pbr,-0.008271067079149375
2019-11,2019-11-11,high_pbr,-0.00728837686459094
2019-11,2019-11-12,high_pbr,-0.0005423667040611591
2019-11,2019-11-13,high_pbr,-0.014251867797812845
2019-11,2019-11-14,high_pbr,0.010075071315966078
2019-11,2019-11-15,high_pbr,0.007374823215616111
2019-11,2019-11-18,high_pbr,0.001373913816559158
2019-11,2019-11-19,high_pbr,-0.008249515003830976
2019-11,2019-11-20,high_pbr,-0.01188982637136371
2019-11,2019-11-21,high_pbr,-0.014547134749615553
2019-11,2019-11-22,high_pbr,0.001000064846523152
2019-11,2019-11-25,high_pbr,0.019857460001233118
2019-11,2019-11-26,high_pbr,0.0011759990235764572
2019-11,2019-11-27,high_pbr,0.0012058459468966554
2019-11,2019-11-28,high_pbr,-0.0003778859914265187
2019-11,2019-11-29,high_pbr,-0.007071562347682581
2019-11,2019-12-02,high_pbr,0.0031657325517320256
2019-11,2019-11-04,baseline,0.018978912135353188
2019-11,2019-11-05,baseline,0.0042241038532364605
2019-11,2019-11-06,baseline,0.000919481357824381
2019-11,2019-11-07,baseline,0.0026199745550794518
2019-11,2019-11-08,baseline,0.0002566210148853276
2019-11,2019-11-11,baseline,-0.007190101181505204
2019-11,2019-11-12,baseline,0.004205855540305503
2019-11,2019-11-13,baseline,-0.009429058591115203
2019-11,2019-11-14,baseline,0.0050005236785426455
2019-11,2019-11-15,baseline,0.009664112685995985
2019-11,2019-11-18,baseline,-0.0041500120360598025
2019-11,2019-11-19,baseline,-0.006604155548746382
2019-11,2019-11-20,baseline,-0.010691380248215365
2019-11,2019-11-21,baseline,-0.011818628114410479
2019-11,2019-11-22,baseline,0.0022157827181077394
2019-11,2019-11-25,baseline,0.015306843390766378
2019-11,2019-11-26,baseline,0.0028330842135877443
2019-11,2019-11-27,baseline,0.0035476966352305794
2019-11,2019-11-28,baseline,-0.0019287240806743489
2019-11,2019-11-29,baseline,-0.011234720190322123
2019-11,2019-12-02,baseline,0.0023796973526923892
2019-12,2019-12-03,low_pbr,-0.005342889338498469
2019-12,2019-12-04,low_pbr,-0.012071244721621244
2019-12,2019-12-05,low_pbr,-0.00648663152860407
2019-12,2019-12-06,low_pbr,0.003869407263797031
2019-12,2019-12-09,low_pbr,-0.003721738449677936
2019-12,2019-12-10,low_pbr,-0.00016664123955034693
2019-12,2019-12-11,low_pbr,-0.0008980700821581422
2019-12,2019-12-12,low_pbr,0.013172415314421482
2019-12,2019-12-13,low_pbr,0.013703991257468351
2019-12,2019-12-16,low_pbr,0.0008211758249627721
2019-12,2019-12-17,low_pbr,0.002967941967076948
2019-12,2019-12-18,low_pbr,0.0002152339823424665
2019-12,2019-12-19,low_pbr,0.0026181039464374667
2019-12,2019-12-20,low_pbr,0.0017292322302433494
2019-12,2019-12-23,low_pbr,0.0020791748992734504
2019-12,2019-12-24,low_pbr,-0.0024831343260037775
2019-12,2019-12-26,low_pbr,0.005098623034399896
2019-12,2019-12-27,low_pbr,-0.011356341899158795
2019-12,2019-12-30,low_pbr,0.00456329345396389
2019-12,2020-01-02,low_pbr,-0.009571658505645342
2019-12,2019-12-03,high_pbr,-0.003297079069306763
2019-12,2019-12-04,high_pbr,-0.004163494865227713
2019-12,2019-12-05,high_pbr,-0.010702524236410493
2019-12,2019-12-06,high_pbr,0.012071856525312397
2019-12,2019-12-09,high_pbr,-0.01205791710033699
2019-12,2019-12-10,high_pbr,0.0024211670885536662
2019-12,2019-12-11,high_pbr,0.00344953063461384
2019-12,2019-12-12,high_pbr,0.004318146591818062
2019-12,2019-12-13,high_pbr,0.007746259381366416
2019-12,2019-12-16,high_pbr,-0.005374452607639246
2019-12,2019-12-17,high_pbr,0.0027660980814270264
2019-12,2019-12-18,high_pbr,0.001156566037740614
2019-12,2019-12-19,high_pbr,0.0009755671676350275
2019-12,2019-12-20,high_pbr,0.0032286139311261675
2019-12,2019-12-23,high_pbr,0.006343044189123459
2019-12,2019-12-24,high_pbr,-0.00664328444630824
2019-12,2019-12-26,high_pbr,0.0008799214727861493
2019-12,2019-12-27,high_pbr,0.007849919224255819
2019-12,2019-12-30,high_pbr,0.008789582311500288
2019-12,2020-01-02,high_pbr,-0.0026151805947748352
2019-12,2019-12-03,baseline,-0.0035729143809294373
2019-12,2019-12-04,baseline,-0.007894519950813361
2019-12,2019-12-05,baseline,-0.005778661066012658
2019-12,2019-12-06,baseline,0.006290184880432648
2019-12,2019-12-09,baseline,-0.007146633018001891
2019-12,2019-12-10,baseline,0.005902146062851665
2019-12,2019-12-11,baseline,0.0034924985207502868
2019-12,2019-12-12,baseline,0.011646939961616143
2019-12,2019-12-13,baseline,0.009802051852730198
2019-12,2019-12-16,baseline,-0.000824201967318916
2019-12,2019-12-17,baseline,0.0017752462763813703
2019-12,2019-12-18,baseline,-0.0010377297916807082
2019-12,2019-12-19,baseline,0.003239675834236788
2019-12,2019-12-20,baseline,0.0024464925325105025
2019-12,2019-12-23,baseline,0.0028635278797641828
2019-12,2019-12-24,baseline,-0.0026854663744824148
2019-12,2019-12-26,baseline,0.003320110388673747
2019-12,2019-12-27,baseline,-0.0043397461065638465
2019-12,2019-12-30,baseline,0.003659449972594375
2019-12,2020-01-02,baseline,-0.010806812879447736
2020-01,2020-01-03,low_pbr,-0.0016852485248816107
2020-01,2020-01-06,low_pbr,-0.023881335899526568
2020-01,2020-01-07,low_pbr,0.0058111666715301435
2020-01,2020-01-08,low_pbr,-0.03426607290896466
2020-01,2020-01-09,low_pbr,0.009663647760257632
2020-01,2020-01-10,low_pbr,-0.00028819230664822726
2020-01,2020-01-13,low_pbr,0.005170433634860139
2020-01,2020-01-14,low_pbr,0.011100815004145614
2020-01,2020-01-15,low_pbr,0.004991039022030241
2020-01,2020-01-16,low_pbr,-0.004637136130512531
2020-01,2020-01-17,low_pbr,-0.002987800297188259
2020-01,2020-01-20,low_pbr,-0.001922532074962735
2020-01,2020-01-21,low_pbr,-0.0005646420689953136
2020-01,2020-01-22,low_pbr,0.0047434078537826885
2020-01,2020-01-23,low_pbr,-0.006731122327522598
2020-01,2020-01-28,low_pbr,-0.04262237010744385
2020-01,2020-01-29,low_pbr,-0.004386892853097568
2020-01,2020-01-30,low_pbr,-0.017182749008977538
2020-01,2020-01-31,low_pbr,-0.017232890135791767
2020-01,2020-02-03,low_pbr,-0.016440999641679888
2020-01,2020-01-03,high_pbr,-0.003189203247893624
2020-01,2020-01-06,high_pbr,-0.017228528410263566
2020-01,2020-01-07,high_pbr,0.022974899872789667
2020-01,2020-01-08,high_pbr,-0.024003494482620402
2020-01,2020-01-09,high_pbr,0.015715377177112355
2020-01,2020-01-10,high_pbr,0.011955658750469667
2020-01,2020-01-13,high_pbr,0.020169641332233867
2020-01,2020-01-14,high_pbr,-0.0018413801436251154
2020-01,2020-01-15,high_pbr,0.006498218088201835
2020-01,2020-01-16,high_pbr,0.000824134640244667
2020-01,2020-01-17,high_pbr,-0.0029155245023644305
2020-01,2020-01-20,high_pbr,-0.009043891528270898
2020-01,2020-01-21,high_pbr,-0.01773363103221104
2020-01,2020-01-22,high_pbr,0.015879759616096445
2020-01,2020-01-23,high_pbr,-0.010758235061042232
2020-01,2020-01-28,high_pbr,-0.02549018160997807
2020-01,2020-01-29,high_pbr,-0.0005504384665365736
2020-01,2020-01-30,high_pbr,-0.017093351669259516
2020-01,2020-01-31,high_pbr,-0.018093797917324572
2020-01,2020-02-03,high_pbr,0.0027544758007083114
2020-01,2020-01-03,baseline,-0.0004839633882509631
2020-01,2020-01-06,baseline,-0.018376598702842695
2020-01,2020-01-07,baseline,0.00963911348287505
2020-01,2020-01-08,baseline,-0.027810515508125744
2020-01,2020-01-09,baseline,0.013297200393207476
2020-01,2020-01-10,baseline,0.0025450028738203123
2020-01,2020-01-13,baseline,0.010982357934604225
2020-01,2020-01-14,baseline,0.005913246255679461
2020-01,2020-01-15,baseline,0.005036713329339193
2020-01,2020-01-16,baseline,-0.0017411156975736253
2020-01,2020-01-17,baseline,-0.002986882306634353
2020-01,2020-01-20,baseline,-0.0022084780715191377
2020-01,2020-01-21,baseline,-0.0056961948669773665
2020-01,2020-01-22,baseline,0.00897210696485451
2020-01,2020-01-23,baseline,-0.007384081901237849
2020-01,2020-01-28,baseline,-0.033840917893977585
2020-01,2020-01-29,baseline,-0.0008847866224872547
2020-01,2020-01-30,baseline,-0.014710924927462399
2020-01,2020-01-31,baseline,-0.014674314684466228
2020-01,2020-02-03,baseline,-0.00768960235995686
2020-02,2020-02-04,low_pbr,0.00884555889351768
2020-02,2020-02-05,low_pbr,0.002471755768949313
2020-02,2020-02-06,low_pbr,0.04078948985598596
2020-02,2020-02-07,low_pbr,-0.006593726991886095
2020-02,2020-02-10,low_pbr,-0.001448881596316176
2020-02,2020-02-11,low_pbr,0.014515683183321304
2020-02,2020-02-12,low_pbr,0.0059591694148219965
2020-02,2020-02-13,low_pbr,-0.011711762985300966
2020-02,2020-02-14,low_pbr,-0.011654032381482438
2020-02,2020-02-17,low_pbr,0.0030364206751856138
2020-02,2020-02-18,low_pbr,-0.012942504204277339
2020-02,2020-02-19,low_pbr,-0.012130209904753997
2020-02,2020-02-20,low_pbr,-0.0186239541431511
2020-02,2020-02-21,low_pbr,-0.020312211533549007
2020-02,2020-02-24,low_pbr,-0.03785611072497219
2020-02,2020-02-25,low_pbr,0.00828803940376277
2020-02,2020-02-26,low_pbr,-0.010243203347188645
2020-02,2020-02-27,low_pbr,-0.0008832621438952248
2020-02,2020-02-28,low_pbr,-0.018944524859601186
2020-02,2020-03-02,low_pbr,-0.011322281918979216
2020-02,2020-02-04,high_pbr,0.01239660965511602
2020-02,2020-02-05,high_pbr,-0.007267700825389634
2020-02,2020-02-06,high_pbr,0.02859728175078513
2020-02,2020-02-07,high_pbr,-0.007801379406229603
2020-02,2020-02-10,high_pbr,-0.002037989485724756
2020-02,2020-02-11,high_pbr,0.008576650489257487
2020-02,2020-02-12,high_pbr,0.007060152220381033
2020-02,2020-02-13,high_pbr,-0.007717165406874282
2020-02,2020-02-14,high_pbr,-0.0009029749502921236
2020-02,2020-02-17,high_pbr,-0.0013329540260326178
2020-02,2020-02-18,high_pbr,-0.013659343492716802
2020-02,2020-02-19,high_pbr,-7.594835235125164e-05
2020-02,2020-02-20,high_pbr,-0.011730522303428192
2020-02,2020-02-21,high_pbr,-0.015431211825108204
2020-02,2020-02-24,high_pbr,-0.04305187487938089
2020-02,2020-02-25,high_pbr,0.018777536772784487
2020-02,2020-02-26,high_pbr,-0.0076710893577448536
2020-02,2020-02-27,high_pbr,-0.009576473854955858
2020-02,2020-02-28,high_pbr,-0.03533247912074178
2020-02,2020-03-02,high_pbr,0.017850425003132386
2020-02,2020-02-04,baseline,0.008630577989970023
2020-02,2020-02-05,baseline,0.0004222012413710452
2020-02,2020-02-06,baseline,0.033773760503245986
2020-02,2020-02-07,baseline,-0.007942267566175443
2020-02,2020-02-10,baseline,-0.0017461743412862107
2020-02,2020-02-11,baseline,0.01184342460641763
2020-02,2020-02-12,baseline,0.006353581190458257
2020-02,2020-02-13,baseline,-0.008924271722190458
2020-02,2020-02-14,baseline,-0.004245820196315808
2020-02,2020-02-17,baseline,0.0018991015086322616
2020-02,2020-02-18,baseline,-0.011793561723315027
2020-02,2020-02-19,baseline,-0.0052478784534553125
2020-02,2020-02-20,baseline,-0.013483435779008568
2020-02,2020-02-21,baseline,-0.018363113002608955
2020-02,2020-02-24,baseline,-0.04049376638356661
2020-02,2020-02-25,baseline,0.012495671141077525
2020-02,2020-02-26,baseline,-0.005742648914658033
2020-02,2020-02-27,baseline,-0.004709911455938465
2020-02,2020-02-28,baseline,-0.029632359584362056
2020-02,2020-03-02,baseline,0.002447281159101422
2020-03,2020-03-03,low_pbr,0.00860872024786663
2020-03,2020-03-04,low_pbr,0.009730740057074083
2020-03,2020-03-05,low_pbr,0.012262315975423155
2020-03,2020-03-06,low_pbr,-0.025900399792841422
2020-03,2020-03-09,low_pbr,-0.04224724056266138
2020-03,2020-03-10,low_pbr,-0.006786854115057195
2020-03,2020-03-11,low_pbr,-0.021507616879902547
2020-03,2020-03-12,low_pbr,-0.05738428917401173
2020-03,2020-03-13,low_pbr,-0.06309551721642448
2020-03,2020-03-16,low_pbr,-0.02033643626620174
2020-03,2020-03-17,low_pbr,-0.02565632587415123
2020-03,2020-03-18,low_pbr,-0.05444112146942803
2020-03,2020-03-19,low_pbr,-0.1109842518476275
2020-03,2020-03-20,low_pbr,0.08789629267167309
2020-03,2020-03-23,low_pbr,-0.07878975835758129
2020-03,2020-03-24,low_pbr,0.06961724166497274
2020-03,2020-03-25,low_pbr,0.08806142191620436
2020-03,2020-03-26,low_pbr,0.006308166773062229
2020-03,2020-03-27,low_pbr,0.016895753844245798
2020-03,2020-03-30,low_pbr,0.004799068195232348
2020-03,2020-03-31,low_pbr,0.025286525246037694
2020-03,2020-04-01,low_pbr,-0.01225665027804812
2020-03,2020-03-03,high_pbr,0.004138141119619965
2020-03,2020-03-04,high_pbr,0.01823950854704215
2020-03,2020-03-05,high_pbr,0.02564706665934624
2020-03,2020-03-06,high_pbr,-0.01770853048508203
2020-03,2020-03-09,high_pbr,-0.029924003500445218
2020-03,2020-03-10,high_pbr,0.01357263935809394
2020-03,2020-03-11,high_pbr,-0.03216558904867017
2020-03,2020-03-12,high_pbr,-0.050035821368116906
2020-03,2020-03-13,high_pbr,-0.02633008623364086
2020-03,2020-03-16,high_pbr,-0.01601304091335154
2020-03,2020-03-17,high_pbr,0.0005321905341091338
2020-03,2020-03-18,high_pbr,-0.05312749162160979
2020-03,2020-03-19,high_pbr,-0.0739369195106746
2020-03,2020-03-20,high_pbr,0.05514346449394836
2020-03,2020-03-23,high_pbr,-0.05699699020812288
2020-03,2020-03-24,high_pbr,0.07667432309343125
2020-03,2020-03-25,high_pbr,0.06167550866081739
2020-03,2020-03-26,high_pbr,0.004084882249112631
2020-03,2020-03-27,high_pbr,0.005485572986021703
2020-03,2020-03-30,high_pbr,0.012539623869713523
2020-03,2020-03-31,high_pbr,0.05973720503266944
2020-03,2020-04-01,high_pbr,-0.052935822811372546
2020-03,2020-03-03,baseline,0.004090452710516113
2020-03,2020-03-04,baseline,0.014224308318079748
2020-03,2020-03-05,baseline,0.01854355217721637
2020-03,2020-03-06,baseline,-0.021961896802957903
2020-03,2020-03-09,baseline,-0.03677715481405319
2020-03,2020-03-10,baseline,-0.0009162444758554766
2020-03,2020-03-11,baseline,-0.024327236661580875
2020-03,2020-03-12,baseline,-0.05307932325743803
2020-03,2020-03-13,baseline,-0.04882630883280803
2020-03,2020-03-16,baseline,-0.020124664339516873
2020-03,2020-03-17,baseline,-0.017091749911050114
2020-03,2020-03-18,baseline,-0.05455933090250775
2020-03,2020-03-19,baseline,-0.10756316474886951
2020-03,2020-03-20,baseline,0.08047117365748924
2020-03,2020-03-23,baseline,-0.0688565703717906
2020-03,2020-03-24,baseline,0.07243173805601422
2020-03,2020-03-25,baseline,0.07699999563599036
2020-03,2020-03-26,baseline,0.004957456766533586
2020-03,2020-03-27,baseline,0.01803458741840447
2020-03,2020-03-30,baseline,0.009838277401550855
2020-03,2020-03-31,baseline,0.03365656247788351
2020-03,2020-04-01,baseline,-0.02606906253073571
2020-04,2020-04-02,low_pbr,0.024806396837812272
2020-04,2020-04-03,low_pbr,0.010773698585376135
2020-04,2020-04-06,low_pbr,0.04095421226641949
2020-04,2020-04-07,low_pbr,0.026844968254297052
2020-04,2020-04-08,low_pbr,-0.0014276451640919952
2020-04,2020-04-09,low_pbr,0.023835445964937252
2020-04,2020-04-10,low_pbr,0.029616071116858045
2020-04,2020-04-13,low_pbr,-0.017126114961313665
2020-04,2020-04-14,low_pbr,0.02292751368558732
2020-04,2020-04-16,low_pbr,-0.01478868647486864
2020-04,2020-04-17,low_pbr,0.019443192004116927
2020-04,2020-04-20,low_pbr,0.008471747448342004
2020-04,2020-04-21,low_pbr,-0.021382059717772184
2020-04,2020-04-22,low_pbr,-0.0037379680746930655
2020-04,2020-04-23,low_pbr,0.019879896949973386
2020-04,2020-04-24,low_pbr,-0.014842343775212097
2020-04,2020-04-27,low_pbr,0.04101995667142888
2020-04,2020-04-28,low_pbr,0.020744035134412808
2020-04,2020-04-29,low_pbr,0.01280824600796926
2020-04,2020-05-04,low_pbr,-0.035626770778328654
2020-04,2020-04-02,high_pbr,0.018101429913076617
2020-04,2020-04-03,high_pbr,0.005346601634904413
2020-04,2020-04-06,high_pbr,0.048149292840813596
2020-04,2020-04-07,high_pbr,0.014376937614286156
2020-04,2020-04-08,high_pbr,-0.003622167513185337
2020-04,2020-04-09,high_pbr,0.01028072771464772
2020-04,2020-04-10,high_pbr,-0.0008525967906201082
2020-04,2020-04-13,high_pbr,-0.017401362362629458
2020-04,2020-04-14,high_pbr,0.023487585442807157
2020-04,2020-04-16,high_pbr,0.012576807191438055
2020-04,2020-04-17,high_pbr,0.018145573739682952
2020-04,2020-04-20,high_pbr,0.0058649714786795926
2020-04,2020-04-21,high_pbr,-0.0105217341705921
2020-04,2020-04-22,high_pbr,0.014080958313251513
2020-04,2020-04-23,high_pbr,0.013180991864867986
2020-04,2020-04-24,high_pbr,-0.01916318616976198
2020-04,2020-04-27,high_pbr,0.008496859010090896
2020-04,2020-04-28,high_pbr,0.004928137415760814
2020-04,2020-04-29,high_pbr,0.005986815743839413
2020-04,2020-05-04,high_pbr,-0.02354180542926454
2020-04,2020-04-02,baseline,0.02447202522598646
2020-04,2020-04-03,baseline,0.001608248305515536
2020-04,2020-04-06,baseline,0.04420094481221026
2020-04,2020-04-07,baseline,0.02594448759910173
2020-04,2020-04-08,baseline,-0.003216605892752855
2020-04,2020-04-09,baseline,0.019481282256643473
2020-04,2020-04-10,baseline,0.010073376814399015
2020-04,2020-04-13,baseline,-0.01910890122209885
2020-04,2020-04-14,baseline,0.020285643128758135
2020-04,2020-04-16,baseline,-0.002013426010400887
2020-04,2020-04-17,baseline,0.019593022484216682
2020-04,2020-04-20,baseline,0.004080985407135085
2020-04,2020-04-21,baseline,-0.01344385611502108
2020-04,2020-04-22,baseline,0.0031082412859297914
2020-04,2020-04-23,baseline,0.016120816412708905
2020-04,2020-04-24,baseline,-0.013691188364669205
2020-04,2020-04-27,baseline,0.0284882036861811
2020-04,2020-04-28,baseline,0.009262060879101863
2020-04,2020-04-29,baseline,0.010548077608850903
2020-04,2020-05-04,baseline,-0.029766469551765762
2020-05,2020-05-06,low_pbr,0.006857803562888565
2020-05,2020-05-07,low_pbr,0.0025306288182862513
2020-05,2020-05-08,low_pbr,0.009419048346137604
2020-05,2020-05-11,low_pbr,-0.004228237353534947
2020-05,2020-05-12,low_pbr,-0.027048756971414845
2020-05,2020-05-13,low_pbr,0.0018719887226770204
2020-05,2020-05-14,low_pbr,-0.011337514719469755
2020-05,2020-05-15,low_pbr,0.009031362431202394
2020-05,2020-05-18,low_pbr,0.005669669764336138
2020-05,2020-05-19,low_pbr,0.039405251231440674
2020-05,2020-05-20,low_pbr,-0.001050133169558487
2020-05,2020-05-21,low_pbr,0.009782253168279853
2020-05,2020-05-22,low_pbr,-0.018302610711471767
2020-05,2020-05-25,low_pbr,0.006556872039507944
2020-05,2020-05-26,low_pbr,0.018102139202057277
2020-05,2020-05-27,low_pbr,0.020409996912911677
2020-05,2020-05-28,low_pbr,-0.013995417816438649
2020-05,2020-05-29,low_pbr,-0.013687342642076272
2020-05,2020-06-01,low_pbr,0.013208087750010922
2020-05,2020-05-06,high_pbr,0.01790993301547128
2020-05,2020-05-07,high_pbr,0.0025299740610449373
2020-05,2020-05-08,high_pbr,0.010184854334255755
2020-05,2020-05-11,high_pbr,-0.004492920141321521
2020-05,2020-05-12,high_pbr,-0.0027734536690625644
2020-05,2020-05-13,high_pbr,0.012656881359873529
2020-05,2020-05-14,high_pbr,0.004332268306507681
2020-05,2020-05-15,high_pbr,-3.088549880592151e-05
2020-05,2020-05-18,high_pbr,-0.005016844344576055
2020-05,2020-05-19,high_pbr,0.010432163808210326
2020-05,2020-05-20,high_pbr,0.01064789620943185
2020-05,2020-05-21,high_pbr,0.00750608806317743
2020-05,2020-05-22,high_pbr,-0.012936907525289087
2020-05,2020-05-25,high_pbr,0.01338277362332807
2020-05,2020-05-26,high_pbr,0.013284142377155028
2020-05,2020-05-27,high_pbr,0.0001433841640809952
2020-05,2020-05-28,high_pbr,-0.00553296139637427
2020-05,2020-05-29,high_pbr,0.006055639785549571
2020-05,2020-06-01,high_pbr,0.016864235540687833
2020-05,2020-05-06,baseline,0.014414457745734133
2020-05,2020-05-07,baseline,0.002500869154405061
2020-05,2020-05-08,baseline,0.009400391637313987
2020-05,2020-05-11,baseline,-0.0013204989566995007
2020-05,2020-05-12,baseline,-0.013171130445101431
2020-05,2020-05-13,baseline,0.009312791301882006
2020-05,2020-05-14,baseline,-0.004770338249980743
2020-05,2020-05-15,baseline,0.007534122816391653
2020-05,2020-05-18,baseline,0.006096809005629034
2020-05,2020-05-19,baseline,0.021430712547579223
2020-05,2020-05-20,baseline,0.003535262242631454
2020-05,2020-05-21,baseline,0.006026573225382581
2020-05,2020-05-22,baseline,-0.016767563443758293
2020-05,2020-05-25,baseline,0.010535792856245063
2020-05,2020-05-26,baseline,0.019578653069235896
2020-05,2020-05-27,baseline,0.009172346304080037
2020-05,2020-05-28,baseline,-0.012536353550296808
2020-05,2020-05-29,baseline,-0.0026944760899567655
2020-05,2020-06-01,baseline,0.01824623319900187
2020-06,2020-06-02,low_pbr,0.02444375022792067
2020-06,2020-06-03,low_pbr,0.055807070132071424
2020-06,2020-06-04,low_pbr,-0.012228289485075039
2020-06,2020-06-05,low_pbr,0.023275956061744374
2020-06,2020-06-08,low_pbr,0.005187904426105838
2020-06,2020-06-09,low_pbr,-0.0034890724019958075
2020-06,2020-06-10,low_pbr,-0.005408131617533174
2020-06,2020-06-11,low_pbr,-0.022482218485692207
2020-06,2020-06-12,low_pbr,-0.03172698123529982
2020-06,2020-06-15,low_pbr,-0.05985413321770028
2020-06,2020-06-16,low_pbr,0.05969414967627662
2020-06,2020-06-17,low_pbr,-0.009716542614830792
2020-06,2020-06-18,low_pbr,0.0006391237749732159
2020-06,2020-06-19,low_pbr,-0.006167685161525882
2020-06,2020-06-22,low_pbr,-0.012302991440168998
2020-06,2020-06-23,low_pbr,-0.0012427486287379663
2020-06,2020-06-24,low_pbr,0.007209399401050476
2020-06,2020-06-25,low_pbr,-0.026353952187284202
2020-06,2020-06-26,low_pbr,0.0024016888513525014
2020-06,2020-06-29,low_pbr,-0.017140880384059698
2020-06,2020-06-30,low_pbr,0.015714013064626053
2020-06,2020-07-01,low_pbr,-0.0006413835334224682
2020-06,2020-06-02,high_pbr,0.011003693365730483
2020-06,2020-06-03,high_pbr,0.0049652019819701465
2020-06,2020-06-04,high_pbr,0.011787314022068562
2020-06,2020-06-05,high_pbr,0.0280013137710986
2020-06,2020-06-08,high_pbr,0.010552771235432301
2020-06,2020-06-09,high_pbr,0.011713737124406709
2020-06,2020-06-10,high_pbr,0.005581944728207944
2020-06,2020-06-11,high_pbr,-0.00018868646894454333
2020-06,2020-06-12,high_pbr,-0.018480160869578155
2020-06,2020-06-15,high_pbr,-0.0585431963628682
2020-06,2020-06-16,high_pbr,0.06013259852041819
2020-06,2020-06-17,high_pbr,0.001367308949180579
2020-06,2020-06-18,high_pbr,0.0008521030910286775
2020-06,2020-06-19,high_pbr,-0.008499426276790012
2020-06,2020-06-22,high_pbr,-0.0041813341988400365
2020-06,2020-06-23,high_pbr,0.002724703061859124
2020-06,2020-06-24,high_pbr,0.008733257623252388
2020-06,2020-06-25,high_pbr,-0.015998784053052995
2020-06,2020-06-26,high_pbr,0.0008315563992338237
2020-06,2020-06-29,high_pbr,-0.02045096009133529
2020-06,2020-06-30,high_pbr,0.008250311734012472
2020-06,2020-07-01,high_pbr,-0.008112212675456365
2020-06,2020-06-02,baseline,0.01836139634520717
2020-06,2020-06-03,baseline,0.025930080973647796
2020-06,2020-06-04,baseline,-0.003729963898871369
2020-06,2020-06-05,baseline,0.01590128926953649
2020-06,2020-06-08,baseline,0.004692704918955792
2020-06,2020-06-09,baseline,0.0011967668540624476
2020-06,2020-06-10,baseline,-0.0001526843831273217
2020-06,2020-06-11,baseline,-0.014701899744241409
2020-06,2020-06-12,baseline,-0.02556851867924348
2020-06,2020-06-15,baseline,-0.05426263700590883
2020-06,2020-06-16,baseline,0.05852501956170397
2020-06,2020-06-17,baseline,-0.0008639454515927403
2020-06,2020-06-18,baseline,-0.001875536868671479
2020-06,2020-06-19,baseline,-0.004534841402399348
2020-06,2020-06-22,baseline,-0.00895365013305427
2020-06,2020-06-23,baseline,-0.0014355295331281992
2020-06,2020-06-24,baseline,0.007605262530617551
2020-06,2020-06-25,baseline,-0.0233514050015583
2020-06,2020-06-26,baseline,0.005556340423663375
2020-06,2020-06-29,baseline,-0.01709980045444781
2020-06,2020-06-30,baseline,0.011088281423930813
2020-06,2020-07-01,baseline,0.0013624020538116621
2020-07,2020-07-02,low_pbr,0.01554342505987738
2020-07,2020-07-03,low_pbr,0.004127344527656618
2020-07,2020-07-06,low_pbr,0.018023404551682498
2020-07,2020-07-07,low_pbr,-0.009840372247437057
2020-07,2020-07-08,low_pbr,0.0050431704532636346
2020-07,2020-07-09,low_pbr,0.005864703287522088
2020-07,2020-07-10,low_pbr,-0.025454104729566773
2020-07,2020-07-13,low_pbr,0.023213069402576725
2020-07,2020-07-14,low_pbr,-0.003927468237177156
2020-07,2020-07-15,low_pbr,0.017682814913456912
2020-07,2020-07-16,low_pbr,0.0032626389285457247
2020-07,2020-07-17,low_pbr,-0.004534391612161404
2020-07,2020-07-20,low_pbr,0.010305633902381484
2020-07,2020-07-21,low_pbr,0.03238425326135452
2020-07,2020-07-22,low_pbr,0.009687826144260336
2020-07,2020-07-23,low_pbr,-0.015249126858565942
2020-07,2020-07-24,low_pbr,-0.013375574688768488
2020-07,2020-07-27,low_pbr,0.013084696008702545
2020-07,2020-07-28,low_pbr,-0.004327077182269545
2020-07,2020-07-29,low_pbr,0.009372651187614656
2020-07,2020-07-30,low_pbr,0.0014129281584902564
2020-07,2020-07-31,low_pbr,-0.011823993936756705
2020-07,2020-08-03,low_pbr,-0.013385140078769897
2020-07,2020-07-02,high_pbr,0.015486873639747323
2020-07,2020-07-03,high_pbr,0.013978946664160885
2020-07,2020-07-06,high_pbr,0.006179101560986888
2020-07,2020-07-07,high_pbr,-0.007477317700226305
2020-07,2020-07-08,high_pbr,0.00016752967283473197
2020-07,2020-07-09,high_pbr,0.011399256503386468
2020-07,2020-07-10,high_pbr,-0.01059940854071284
2020-07,2020-07-13,high_pbr,0.007796136435229695
2020-07,2020-07-14,high_pbr,0.003017258632084463
2020-07,2020-07-15,high_pbr,-0.003469515823061875
2020-07,2020-07-16,high_pbr,-0.005369340397031408
2020-07,2020-07-17,high_pbr,0.008913832795091947
2020-07,2020-07-20,high_pbr,0.0038751510043266713
2020-07,2020-07-21,high_pbr,0.018952431806750436
2020-07,2020-07-22,high_pbr,0.005710926383431847
2020-07,2020-07-23,high_pbr,0.006167962790895487
2020-07,2020-07-24,high_pbr,0.00652587804420901
2020-07,2020-07-27,high_pbr,-0.005986412536333696
2020-07,2020-07-28,high_pbr,0.01381199702527569
2020-07,2020-07-29,high_pbr,-0.008999558495335958
2020-07,2020-07-30,high_pbr,-0.0017965699563027293
2020-07,2020-07-31,high_pbr,-0.002003881340851499
2020-07,2020-08-03,high_pbr,0.01142847891119203
2020-07,2020-07-02,baseline,0.0128159480151957
2020-07,2020-07-03,baseline,0.006832519633663381
2020-07,2020-07-06,baseline,0.013113114621853494
2020-07,2020-07-07,baseline,-0.00814558261359788
2020-07,2020-07-08,baseline,0.0006269464232446786
2020-07,2020-07-09,baseline,0.003015160022043828
2020-07,2020-07-10,baseline,-0.0167049231737616
2020-07,2020-07-13,baseline,0.020193163101759337
2020-07,2020-07-14,baseline,0.0003292305259807726
2020-07,2020-07-15,baseline,0.008459945556223758
2020-07,2020-07-16,baseline,0.0002340532985865007
2020-07,2020-07-17,baseline,0.0013007032251552975
2020-07,2020-07-20,baseline,0.006894173129871062
2020-07,2020-07-21,baseline,0.01835736264620591
2020-07,2020-07-22,baseline,0.0037328677578807312
2020-07,2020-07-23,baseline,-0.0070471515571646215
2020-07,2020-07-24,baseline,-0.005278498297399126
2020-07,2020-07-27,baseline,0.007771107964392732
2020-07,2020-07-28,baseline,0.0044745380008819335
2020-07,2020-07-29,baseline,0.0020317851186331115
2020-07,2020-07-30,baseline,0.0024300879748000437
2020-07,2020-07-31,baseline,-0.007224011100065431
2020-07,2020-08-03,baseline,-0.00273210105026811
2020-08,2020-08-04,low_pbr,0.01697228485136293
2020-08,2020-08-05,low_pbr,-0.0006407256964521268
2020-08,2020-08-06,low_pbr,0.018618352406086114
2020-08,2020-08-07,low_pbr,-0.008656348738699027
2020-08,2020-08-10,low_pbr,0.021293263941027707
2020-08,2020-08-11,low_pbr,0.02172350711256743
2020-08,2020-08-12,low_pbr,0.01363794591582046
2020-08,2020-08-13,low_pbr,0.0042583889143874565
2020-08,2020-08-14,low_pbr,0.0031697117544327025
2020-08,2020-08-18,low_pbr,-0.05300659748059067
2020-08,2020-08-19,low_pbr,0.011460583359252485
2020-08,2020-08-20,low_pbr,-0.049399703833423625
2020-08,2020-08-21,low_pbr,0.007645482446112961
2020-08,2020-08-24,low_pbr,0.006233586909908828
2020-08,2020-08-25,low_pbr,0.023903051869900382
2020-08,2020-08-26,low_pbr,-0.010483603259097363
2020-08,2020-08-27,low_pbr,-0.020305687706144715
2020-08,2020-08-28,low_pbr,0.011746826183110848
2020-08,2020-08-31,low_pbr,0.00027864665147792067
2020-08,2020-09-01,low_pbr,0.016671764072153206
2020-08,2020-08-04,high_pbr,0.02371150517428733
2020-08,2020-08-05,high_pbr,0.03976369975709981
2020-08,2020-08-06,high_pbr,0.00606517625345826
2020-08,2020-08-07,high_pbr,0.009175388762110215
2020-08,2020-08-10,high_pbr,0.002395472076658134
2020-08,2020-08-11,high_pbr,0.016353004730584875
2020-08,2020-08-12,high_pbr,0.0037443554668945556
2020-08,2020-08-13,high_pbr,0.003376857337565653
2020-08,2020-08-14,high_pbr,-0.007195027359518491
2020-08,2020-08-18,high_pbr,-0.03349283012901949
2020-08,2020-08-19,high_pbr,0.017150899483455273
2020-08,2020-08-20,high_pbr,-0.024918231368692978
2020-08,2020-08-21,high_pbr,0.010891865082347296
2020-08,2020-08-24,high_pbr,0.008259172447265817
2020-08,2020-08-25,high_pbr,0.013159434986083962
2020-08,2020-08-26,high_pbr,-0.001560275158058344
2020-08,2020-08-27,high_pbr,-0.007545620100715245
2020-08,2020-08-28,high_pbr,-0.002608282907126336
2020-08,2020-08-31,high_pbr,-0.002827253463281054
2020-08,2020-09-01,high_pbr,0.016097596309139872
2020-08,2020-08-04,baseline,0.01977807645802332
2020-08,2020-08-05,baseline,0.013584553592223214
2020-08,2020-08-06,baseline,0.012645237966479428
2020-08,2020-08-07,baseline,0.002278923843062275
2020-08,2020-08-10,baseline,0.01688343604630016
2020-08,2020-08-11,baseline,0.017910982470830783
2020-08,2020-08-12,baseline,0.010218972083216649
2020-08,2020-08-13,baseline,0.0019552102272448746
2020-08,2020-08-14,baseline,-0.002231131874963155
2020-08,2020-08-18,baseline,-0.04405564977848353
2020-08,2020-08-19,baseline,0.014536217726986322
2020-08,2020-08-20,baseline,-0.03987581657083861
2020-08,2020-08-21,baseline,0.011474893504707984
2020-08,2020-08-24,baseline,0.007620384314314554
2020-08,2020-08-25,baseline,0.022787282972275058
2020-08,2020-08-26,baseline,-0.008003189059829996
2020-08,2020-08-27,baseline,-0.01616227371269663
2020-08,2020-08-28,baseline,0.010149359124155932
2020-08,2020-08-31,baseline,0.0040583376354978995
2020-08,2020-09-01,baseline,0.012554186627984798
2020-09,2020-09-02,low_pbr,0.007650515768909738
2020-09,2020-09-03,low_pbr,0.0008750390563381227
2020-09,2020-09-04,low_pbr,-0.009478689253204275
2020-09,2020-09-07,low_pbr,0.028317321990856126
2020-09,2020-09-08,low_pbr,-0.002261038950061578
2020-09,2020-09-09,low_pbr,-0.006962195719396269
2020-09,2020-09-10,low_pbr,0.003451937812532835
2020-09,2020-09-11,low_pbr,0.0059082179954323966
2020-09,2020-09-14,low_pbr,0.01993122078461207
2020-09,2020-09-15,low_pbr,-0.0009355525589823666
2020-09,2020-09-16,low_pbr,-0.0014617861650534358
2020-09,2020-09-17,low_pbr,-0.0028305517624026555
2020-09,2020-09-18,low_pbr,-0.001201921891986868
2020-09,2020-09-21,low_pbr,-0.004977211349716737
2020-09,2020-09-22,low_pbr,-0.02706986985310933
2020-09,2020-09-23,low_pbr,-0.00222355817661557
2020-09,2020-09-24,low_pbr,-0.024394583477723164
2020-09,2020-09-25,low_pbr,0.0031276813181291274
2020-09,2020-09-28,low_pbr,0.014659608184268924
2020-09,2020-09-29,low_pbr,0.015010570624020003
2020-09,2020-10-05,low_pbr,0.029771601836919848
2020-09,2020-09-02,high_pbr,0.016707586703705646
2020-09,2020-09-03,high_pbr,0.007366236840123719
2020-09,2020-09-04,high_pbr,-0.008526264880803103
2020-09,2020-09-07,high_pbr,-0.004322213336131586
2020-09,2020-09-08,high_pbr,0.0008742128122034565
2020-09,2020-09-09,high_pbr,-0.02281196270602026
2020-09,2020-09-10,high_pbr,-0.0028892819946870762
2020-09,2020-09-11,high_pbr,-0.0019295639759916439
2020-09,2020-09-14,high_pbr,0.002404603113010495
2020-09,2020-09-15,high_pbr,0.0073863914018357235
2020-09,2020-09-16,high_pbr,-0.005756706572418002
2020-09,2020-09-17,high_pbr,-0.01132304785815863
2020-09,2020-09-18,high_pbr,0.011416175991458166
2020-09,2020-09-21,high_pbr,-0.017239819861071592
2020-09,2020-09-22,high_pbr,-0.033511706768272975
2020-09,2020-09-23,high_pbr,-0.0019487567048410703
2020-09,2020-09-24,high_pbr,-0.0394792656352998
2020-09,2020-09-25,high_pbr,0.00492411618932409
2020-09,2020-09-28,high_pbr,0.018884386379549145
2020-09,2020-09-29,high_pbr,0.01894835376982873
2020-09,2020-10-05,high_pbr,0.0073417719500894485
2020-09,2020-09-02,baseline,0.009877999356249667
2020-09,2020-09-03,baseline,0.0031141873571081113
2020-09,2020-09-04,baseline,-0.0068375022048468015
2020-09,2020-09-07,baseline,0.013187161597333796
2020-09,2020-09-08,baseline,-0.002491458106009925
2020-09,2020-09-09,baseline,-0.01110062570898196
2020-09,2020-09-10,baseline,0.004400778073199385
2020-09,2020-09-11,baseline,0.0019386002174315298
2020-09,2020-09-14,baseline,0.013051278383688913
2020-09,2020-09-15,baseline,-0.0002506668965133185
2020-09,2020-09-16,baseline,-0.0015563569675961508
2020-09,2020-09-17,baseline,-0.006453086355961202
2020-09,2020-09-18,baseline,0.0027627739167885856
2020-09,2020-09-21,baseline,-0.008340300684360868
2020-09,2020-09-22,baseline,-0.029156910124568114
2020-09,2020-09-23,baseline,-0.0012529007635118106
2020-09,2020-09-24,baseline,-0.029361097017612137
2020-09,2020-09-25,baseline,0.0035496822024831953
2020-09,2020-09-28,baseline,0.01738583318763709
2020-09,2020-09-29,baseline,0.012976200942591998
2020-09,2020-10-05,baseline,0.01948876216066986
2020-10,2020-10-06,low_pbr,-0.000675241253338843
2020-10,2020-10-07,low_pbr,0.0075402561490423015
2020-10,2020-10-08,low_pbr,0.005003676410232805
2020-10,2020-10-12,low_pbr,0.005618870957518007
2020-10,2020-10-13,low_pbr,0.0013193047867601226
2020-10,2020-10-14,low_pbr,-0.013546894517827535
2020-10,2020-10-15,low_pbr,0.0010571242824684024
2020-10,2020-10-16,low_pbr,0.0026658490641204846
2020-10,2020-10-19,low_pbr,0.01822647453771009
2020-10,2020-10-20,low_pbr,-0.002953116071044648
2020-10,2020-10-21,low_pbr,0.017035883840357924
2020-10,2020-10-22,low_pbr,0.006178868828443429
2020-10,2020-10-23,low_pbr,0.009925383570404733
2020-10,2020-10-26,low_pbr,-0.010539072312157005
2020-10,2020-10-27,low_pbr,-0.013640973382915256
2020-10,2020-10-28,low_pbr,0.008111557670506642
2020-10,2020-10-29,low_pbr,-0.019978664761762355
2020-10,2020-10-30,low_pbr,-0.01835191889009391
2020-10,2020-11-02,low_pbr,0.025439142335525133
2020-10,2020-10-06,high_pbr,0.00688660922896811
2020-10,2020-10-07,high_pbr,0.007133913302761918
2020-10,2020-10-08,high_pbr,0.005602237102286356
2020-10,2020-10-12,high_pbr,0.008181011433731733
2020-10,2020-10-13,high_pbr,-0.014124309588997797
2020-10,2020-10-14,high_pbr,-0.008497942326804453
2020-10,2020-10-15,high_pbr,-0.016821618819314987
2020-10,2020-10-16,high_pbr,-0.0015828311557304353
2020-10,2020-10-19,high_pbr,-0.001730659701820736
2020-10,2020-10-20,high_pbr,0.0010442480674028864
2020-10,2020-10-21,high_pbr,0.006856825033615621
2020-10,2020-10-22,high_pbr,-0.010954256287388109
2020-10,2020-10-23,high_pbr,0.003274165451468747
2020-10,2020-10-26,high_pbr,-0.021616058148496764
2020-10,2020-10-27,high_pbr,-0.00807967875589155
2020-10,2020-10-28,high_pbr,0.017083510328877782
2020-10,2020-10-29,high_pbr,0.0001964971309511565
2020-10,2020-10-30,high_pbr,-0.026620982578279828
2020-10,2020-11-02,high_pbr,0.011263099570464119
2020-10,2020-10-06,baseline,-0.0008892800819009228
2020-10,2020-10-07,baseline,0.0065164231195724565
2020-10,2020-10-08,baseline,0.004901710040361884
2020-10,2020-10-12,baseline,0.007496395354898322
2020-10,2020-10-13,baseline,-0.005402095243887128
2020-10,2020-10-14,baseline,-0.011449695379471936
2020-10,2020-10-15,baseline,-0.006139065998531201
2020-10,2020-10-16,baseline,-0.004539138755358052
2020-10,2020-10-19,baseline,0.00798472986465426
2020-10,2020-10-20,baseline,0.0004931548603295255
2020-10,2020-10-21,baseline,0.012867887990176241
2020-10,2020-10-22,baseline,-0.0028745903313641685
2020-10,2020-10-23,baseline,0.003852393562078227
2020-10,2020-10-26,baseline,-0.01516742509490121
2020-10,2020-10-27,baseline,-0.010355116732024272
2020-10,2020-10-28,baseline,0.01203366391721783
2020-10,2020-10-29,baseline,-0.012894723919735784
2020-10,2020-10-30,baseline,-0.02098294949408941
2020-10,2020-11-02,baseline,0.014719768723080673
2020-11,2020-11-03,low_pbr,0.013210353080649107
2020-11,2020-11-04,low_pbr,-0.0024930317928584245
2020-11,2020-11-05,low_pbr,0.013598521060921076
2020-11,2020-11-06,low_pbr,-0.006137686367674089
2020-11,2020-11-09,low_pbr,0.02202962811922693
2020-11,2020-11-10,low_pbr,0.02659861416441367
2020-11,2020-11-11,low_pbr,0.020457906936723225
2020-11,2020-11-12,low_pbr,-0.005403311000799604
2020-11,2020-11-13,low_pbr,-0.006843383564233196
2020-11,2020-11-16,low_pbr,0.019471826220135213
2020-11,2020-11-17,low_pbr,0.001681552793537433
2020-11,2020-11-18,low_pbr,0.0024787745974739206
2020-11,2020-11-19,low_pbr,-0.0022881415969339125
2020-11,2020-11-20,low_pbr,0.01026204441490064
2020-11,2020-11-23,low_pbr,0.02009317398901933
2020-11,2020-11-24,low_pbr,0.0061020087547905
2020-11,2020-11-25,low_pbr,-0.0040147534602507085
2020-11,2020-11-26,low_pbr,-0.0086866216755499
2020-11,2020-11-27,low_pbr,0.0014325894107283244
2020-11,2020-11-30,low_pbr,-0.01056591187414635
2020-11,2020-12-01,low_pbr,0.01192962903553263
2020-11,2020-11-03,high_pbr,0.03257962170464479
2020-11,2020-11-04,high_pbr,0.01648835929843706
2020-11,2020-11-05,high_pbr,0.021223036757465952
2020-11,2020-11-06,high_pbr,0.0009423991689330169
2020-11,2020-11-09,high_pbr,0.01336311766471976
2020-11,2020-11-10,high_pbr,-0.004123733976489574
2020-11,2020-11-11,high_pbr,0.002198660395270391
2020-11,2020-11-12,high_pbr,-0.005766242718961534
2020-11,2020-11-13,high_pbr,-0.005960403602805808
2020-11,2020-11-16,high_pbr,-0.00042942028599302073
2020-11,2020-11-17,high_pbr,-0.000674355122417758
2020-11,2020-11-18,high_pbr,0.009559605342929212
2020-11,2020-11-19,high_pbr,0.011786505448370121
2020-11,2020-11-20,high_pbr,0.010152895736381007
2020-11,2020-11-23,high_pbr,-0.0020398289741208053
2020-11,2020-11-24,high_pbr,-0.0013057193854199012
2020-11,2020-11-25,high_pbr,-0.004129961500729418
2020-11,2020-11-26,high_pbr,0.004436024249923287
2020-11,2020-11-27,high_pbr,0.008842019130285594
2020-11,2020-11-30,high_pbr,-0.006110986610708191
2020-11,2020-12-01,high_pbr,0.01246988564151641
2020-11,2020-11-03,baseline,0.019818766095559326
2020-11,2020-11-04,baseline,0.004732932795346034
2020-11,2020-11-05,baseline,0.01889386011191685
2020-11,2020-11-06,baseline,-0.0046271111753085625
2020-11,2020-11-09,baseline,0.021856096348065845
2020-11,2020-11-10,baseline,0.011824092396310215
2020-11,2020-11-11,baseline,0.014216853046878253
2020-11,2020-11-12,baseline,-0.00426421027779067
2020-11,2020-11-13,baseline,-0.005970950560612143
2020-11,2020-11-16,baseline,0.013511273040848648
2020-11,2020-11-17,baseline,0.0005329633254036459
2020-11,2020-11-18,baseline,0.003683734060551558
2020-11,2020-11-19,baseline,-0.0021365897514007415
2020-11,2020-11-20,baseline,0.009210563932971594
2020-11,2020-11-23,baseline,0.011018312442524048
2020-11,2020-11-24,baseline,0.002564970418538426
2020-11,2020-11-25,baseline,-0.004241995859186609
2020-11,2020-11-26,baseline,-0.0023916493725443244
2020-11,2020-11-27,baseline,0.004075049741263159
2020-11,2020-11-30,baseline,-0.01092475212627353
2020-11,2020-12-01,baseline,0.014455545715608809
2020-12,2020-12-02,low_pbr,0.013879018669831655
2020-12,2020-12-03,low_pbr,0.0016572193773778388
2020-12,2020-12-04,low_pbr,0.005348888869103119
2020-12,2020-12-07,low_pbr,-0.009320840400664276
2020-12,2020-12-08,low_pbr,-0.007870340445313428
2020-12,2020-12-09,low_pbr,0.020188506601582556
2020-12,2020-12-10,low_pbr,0.005210032314806767
2020-12,2020-12-11,low_pbr,0.028515057970795565
2020-12,2020-12-14,low_pbr,-0.00829496867452173
2020-12,2020-12-15,low_pbr,-0.00416807358023219
2020-12,2020-12-16,low_pbr,0.010452477705266361
2020-12,2020-12-17,low_pbr,-7.92828332197848e-05
2020-12,2020-12-18,low_pbr,0.008979128792240498
2020-12,2020-12-21,low_pbr,0.0058961017602050525
2020-12,2020-12-22,low_pbr,-0.020697079987634592
2020-12,2020-12-23,low_pbr,0.01091045536720503
2020-12,2020-12-24,low_pbr,0.011807565426147137
2020-12,2020-12-28,low_pbr,0.001122755838112166
2020-12,2020-12-29,low_pbr,-0.015647942515423785
2020-12,2020-12-30,low_pbr,0.012747632196112857
2020-12,2021-01-04,low_pbr,0.011896713427128836
2020-12,2020-12-02,high_pbr,0.006577737836050979
2020-12,2020-12-03,high_pbr,-0.004999878377955569
2020-12,2020-12-04,high_pbr,0.0016800573605173508
2020-12,2020-12-07,high_pbr,0.008195517302095334
2020-12,2020-12-08,high_pbr,-0.02298014386837044
2020-12,2020-12-09,high_pbr,0.014917015368122843
2020-12,2020-12-10,high_pbr,-0.00019278687479884482
2020-12,2020-12-11,high_pbr,0.014733043743887508
2020-12,2020-12-14,high_pbr,0.0034281299813820887
2020-12,2020-12-15,high_pbr,-0.002895700369865084
2020-12,2020-12-16,high_pbr,0.00818772824644265
2020-12,2020-12-17,high_pbr,0.0029081714019203453
2020-12,2020-12-18,high_pbr,0.015667833827783584
2020-12,2020-12-21,high_pbr,0.01783567549597853
2020-12,2020-12-22,high_pbr,-0.030156328895854623
2020-12,2020-12-23,high_pbr,-0.013683552063809334
2020-12,2020-12-24,high_pbr,0.00627153854834428
2020-12,2020-12-28,high_pbr,-0.010478734355555686
2020-12,2020-12-29,high_pbr,0.025032832505142766
2020-12,2020-12-30,high_pbr,0.020860692743734033
2020-12,2021-01-04,high_pbr,0.023128577555414198
2020-12,2020-12-02,baseline,0.007118578762747241
2020-12,2020-12-03,baseline,0.002466055025283298
2020-12,2020-12-04,baseline,0.003447667597514581
2020-12,2020-12-07,baseline,-0.0051723946602408866
2020-12,2020-12-08,baseline,-0.009440884858912924
2020-12,2020-12-09,baseline,0.01597365844698828
2020-12,2020-12-10,baseline,0.00653412737574488
2020-12,2020-12-11,baseline,0.017536374125163956
2020-12,2020-12-14,baseline,-0.008099087512046466
2020-12,2020-12-15,baseline,-0.002124611090181694
2020-12,2020-12-16,baseline,0.008144396424404565
2020-12,2020-12-17,baseline,0.0007533315140155761
2020-12,2020-12-18,baseline,0.00837507048328856
2020-12,2020-12-21,baseline,0.010313327537088579
2020-12,2020-12-22,baseline,-0.023696620413904523
2020-12,2020-12-23,baseline,0.0014325721665500168
2020-12,2020-12-24,baseline,0.010277217344523804
2020-12,2020-12-28,baseline,-0.000914287589407814
2020-12,2020-12-29,baseline,0.0013545265514718352
2020-12,2020-12-30,baseline,0.013926328527453569
2020-12,2021-01-04,baseline,0.018204489450419192
2021-01,2021-01-05,low_pbr,0.021491578547284007
2021-01,2021-01-06,low_pbr,-0.0024659712527268507
2021-01,2021-01-07,low_pbr,0.030128060928495737
2021-01,2021-01-08,low_pbr,0.018741455638476623
2021-01,2021-01-11,low_pbr,-0.022704451895034117
2021-01,2021-01-12,low_pbr,0.004029631911972809
2021-01,2021-01-13,low_pbr,0.008517020804562625
2021-01,2021-01-14,low_pbr,0.008089742942435585
2021-01,2021-01-15,low_pbr,-0.01458215382555439
2021-01,2021-01-18,low_pbr,-0.01908781591937969
2021-01,2021-01-19,low_pbr,0.021235008134222966
2021-01,2021-01-20,low_pbr,0.002212919890735243
2021-01,2021-01-21,low_pbr,0.015897225801284165
2021-01,2021-01-22,low_pbr,-0.006746241084266469
2021-01,2021-01-25,low_pbr,0.01232037368147676
2021-01,2021-01-26,low_pbr,-0.019910750687909595
2021-01,2021-01-27,low_pbr,-0.004772304502588365
2021-01,2021-01-28,low_pbr,-0.02544642607423775
2021-01,2021-01-29,low_pbr,-0.0316382634651734
2021-01,2021-02-01,low_pbr,0.026329630473158172
2021-01,2021-01-05,high_pbr,0.012223338636641268
2021-01,2021-01-06,high_pbr,-0.00524624312651667
2021-01,2021-01-07,high_pbr,0.007860526098697473
2021-01,2021-01-08,high_pbr,0.007953499893797789
2021-01,2021-01-11,high_pbr,-0.02440339322797158
2021-01,2021-01-12,high_pbr,0.00046813170758852607
2021-01,2021-01-13,high_pbr,0.005413957145054882
2021-01,2021-01-14,high_pbr,0.009169639666152918
2021-01,2021-01-15,high_pbr,-0.014043957651067585
2021-01,2021-01-18,high_pbr,-0.02911725941134824
2021-01,2021-01-19,high_pbr,0.017752503699757227
2021-01,2021-01-20,high_pbr,0.014089997881419292
2021-01,2021-01-21,high_pbr,0.003975378331600998
2021-01,2021-01-22,high_pbr,0.009948509957288687
2021-01,2021-01-25,high_pbr,0.021229111275146595
2021-01,2021-01-26,high_pbr,-0.010929253820151197
2021-01,2021-01-27,high_pbr,-0.0035154970602696567
2021-01,2021-01-28,high_pbr,-0.014217453721833695
2021-01,2021-01-29,high_pbr,-0.030034317412198863
2021-01,2021-02-01,high_pbr,0.023045550676828785
2021-01,2021-01-05,baseline,0.019688377414378566
2021-01,2021-01-06,baseline,-0.002577729292066233
2021-01,2021-01-07,baseline,0.021199016130531767
2021-01,2021-01-08,baseline,0.013631784562693205
2021-01,2021-01-11,baseline,-0.01639550058148842
2021-01,2021-01-12,baseline,-0.0004219391230458891
2021-01,2021-01-13,baseline,0.009331327215232443
2021-01,2021-01-14,baseline,0.009281126084089264
2021-01,2021-01-15,baseline,-0.014652171027360383
2021-01,2021-01-18,baseline,-0.02254357979850985
2021-01,2021-01-19,baseline,0.02451274580148488
2021-01,2021-01-20,baseline,0.008543514676060626
2021-01,2021-01-21,baseline,0.018105360249247138
2021-01,2021-01-22,baseline,0.0003386573086106015
2021-01,2021-01-25,baseline,0.016779455989306635
2021-01,2021-01-26,baseline,-0.014949118508481019
2021-01,2021-01-27,baseline,-0.0037330381066315033
2021-01,2021-01-28,baseline,-0.01985097304636596
2021-01,2021-01-29,baseline,-0.03169396687057835
2021-01,2021-02-01,baseline,0.028667444060175296
2021-02,2021-02-02,low_pbr,0.014147774943222169
2021-02,2021-02-03,low_pbr,0.007019854114729274
2021-02,2021-02-04,low_pbr,-0.005200662494296515
2021-02,2021-02-05,low_pbr,0.017065317016176307
2021-02,2021-02-08,low_pbr,0.017272905337235578
2021-02,2021-02-09,low_pbr,0.00010064244468188654
2021-02,2021-02-10,low_pbr,0.002671185695809486
2021-02,2021-02-15,low_pbr,0.002003484998854388
2021-02,2021-02-16,low_pbr,0.0065568505072313155
2021-02,2021-02-17,low_pbr,0.005614856893500608
2021-02,2021-02-18,low_pbr,-0.014350787419798228
2021-02,2021-02-19,low_pbr,0.002055386505297907
2021-02,2021-02-22,low_pbr,0.014387753871020204
2021-02,2021-02-23,low_pbr,0.007702891382106669
2021-02,2021-02-24,low_pbr,-0.02563257680409603
2021-02,2021-02-25,low_pbr,0.024389736789190097
2021-02,2021-02-26,low_pbr,-0.015258311986196094
2021-02,2021-03-02,low_pbr,0.004485528128260974
2021-02,2021-02-02,high_pbr,0.010584519602931497
2021-02,2021-02-03,high_pbr,0.003025566389534662
2021-02,2021-02-04,high_pbr,-0.013005016476247855
2021-02,2021-02-05,high_pbr,0.012475397961581036
2021-02,2021-02-08,high_pbr,-0.006256461017680293
2021-02,2021-02-09,high_pbr,-6.58829735591393e-05
2021-02,2021-02-10,high_pbr,0.006533048283440479
2021-02,2021-02-15,high_pbr,0.010335811928263938
2021-02,2021-02-16,high_pbr,-0.004954082664415993
2021-02,2021-02-17,high_pbr,-0.011411666450150793
2021-02,2021-02-18,high_pbr,-0.008106534783667296
2021-02,2021-02-19,high_pbr,0.002327313999630265
2021-02,2021-02-22,high_pbr,-0.0168497658768737
2021-02,2021-02-23,high_pbr,-0.012506553643812368
2021-02,2021-02-24,high_pbr,-0.03597531778291785
2021-02,2021-02-25,high_pbr,0.03506001790742874
2021-02,2021-02-26,high_pbr,-0.016506379918153846
2021-02,2021-03-02,high_pbr,-0.0004984371871045168
2021-02,2021-02-02,baseline,0.01158151229740012
2021-02,2021-02-03,baseline,0.010267708031846068
2021-02,2021-02-04,baseline,-0.00691264775428857
2021-02,2021-02-05,baseline,0.010812866485919725
2021-02,2021-02-08,baseline,0.005279970935418765
2021-02,2021-02-09,baseline,-0.002020783026958517
2021-02,2021-02-10,baseline,0.008948167771827942
2021-02,2021-02-15,baseline,0.00443108857464547
2021-02,2021-02-16,baseline,0.0032907574190144118
2021-02,2021-02-17,baseline,-0.004881852637644957
2021-02,2021-02-18,baseline,-0.009562922259898965
2021-02,2021-02-19,baseline,0.0031431115072266813
2021-02,2021-02-22,baseline,-0.0033867840409891325
2021-02,2021-02-23,baseline,0.0016078402377990297
2021-02,2021-02-24,baseline,-0.03272452373028367
2021-02,2021-02-25,baseline,0.027549650323348773
2021-02,2021-02-26,baseline,-0.01719335334287342
2021-02,2021-03-02,baseline,0.0021487343135186965
2021-03,2021-03-03,low_pbr,0.020863280195790646
2021-03,2021-03-04,low_pbr,-0.00509177223773305
2021-03,2021-03-05,low_pbr,-0.002736265795496129
2021-03,2021-03-08,low_pbr,0.007122214306600982
2021-03,2021-03-09,low_pbr,0.005497385186389092
2021-03,2021-03-10,low_pbr,-0.013244941653975384
2021-03,2021-03-11,low_pbr,0.009283311175939835
2021-03,2021-03-12,low_pbr,0.008249920590227333
2021-03,2021-03-15,low_pbr,0.010960997261529215
2021-03,2021-03-16,low_pbr,0.00765108552060223
2021-03,2021-03-17,low_pbr,-0.006151538782585564
2021-03,2021-03-18,low_pbr,-0.0015787649470713205
2021-03,2021-03-19,low_pbr,0.0020569850092844177
2021-03,2021-03-22,low_pbr,0.0034230477821155514
2021-03,2021-03-23,low_pbr,-0.008495583474126711
2021-03,2021-03-24,low_pbr,-0.007605866386536375
2021-03,2021-03-25,low_pbr,0.01277366146165293
2021-03,2021-03-26,low_pbr,0.01315673602533507
2021-03,2021-03-29,low_pbr,0.007407945981746655
2021-03,2021-03-30,low_pbr,-0.00025396738276939335
2021-03,2021-03-31,low_pbr,0.008785980430987772
2021-03,2021-04-01,low_pbr,-0.01036823490895089
2021-03,2021-03-03,high_pbr,0.014099048596854624
2021-03,2021-03-04,high_pbr,-0.021865512920248076
2021-03,2021-03-05,high_pbr,-0.00364624479936404
2021-03,2021-03-08,high_pbr,-0.02433703566755452
2021-03,2021-03-09,high_pbr,-0.01470606904355598
2021-03,2021-03-10,high_pbr,0.003098577309341266
2021-03,2021-03-11,high_pbr,0.01863445982587897
2021-03,2021-03-12,high_pbr,0.020455821257752804
2021-03,2021-03-15,high_pbr,-0.0002896935796737887
2021-03,2021-03-16,high_pbr,0.015099940938472445
2021-03,2021-03-17,high_pbr,-0.0010627087325566498
2021-03,2021-03-18,high_pbr,0.0013380471987898268
2021-03,2021-03-19,high_pbr,0.0030315943127992018
2021-03,2021-03-22,high_pbr,-0.003227446083155505
2021-03,2021-03-23,high_pbr,-0.01060505133287759
2021-03,2021-03-24,high_pbr,0.0020315206041781053
2021-03,2021-03-25,high_pbr,-0.00524695744940451
2021-03,2021-03-26,high_pbr,0.01382702953830206
2021-03,2021-03-29,high_pbr,-0.008753647382626295
2021-03,2021-03-30,high_pbr,0.003978071589465948
2021-03,2021-03-31,high_pbr,-0.002475372909330864
2021-03,2021-04-01,high_pbr,0.006268553962947232
2021-03,2021-03-03,baseline,0.015415577766499267
2021-03,2021-03-04,baseline,-0.008054232989865295
2021-03,2021-03-05,baseline,-0.005590574094453626
2021-03,2021-03-08,baseline,-0.00832644552033246
2021-03,2021-03-09,baseline,-0.003585355747886765
2021-03,2021-03-10,baseline,-0.007318749531195157
2021-03,2021-03-11,baseline,0.011746406326586856
2021-03,2021-03-12,baseline,0.016786725910110212
2021-03,2021-03-15,baseline,0.002151216735223338
2021-03,2021-03-16,baseline,0.01086326781160607
2021-03,2021-03-17,baseline,-2.0791113398366257e-05
2021-03,2021-03-18,baseline,-0.0007354762099925916
2021-03,2021-03-19,baseline,-0.0024431345188226095
2021-03,2021-03-22,baseline,0.0029084440880176032
2021-03,2021-03-23,baseline,-0.010499077874532414
2021-03,2021-03-24,baseline,-0.0012460680007000402
2021-03,2021-03-25,baseline,0.005684896699189368
2021-03,2021-03-26,baseline,0.014845512535832439
2021-03,2021-03-29,baseline,0.0023108656980537212
2021-03,2021-03-30,baseline,0.0035426861547924737
2021-03,2021-03-31,baseline,0.002789226093147912
2021-03,2021-04-01,baseline,-0.004035973490555844
2021-04,2021-04-02,low_pbr,-0.002833593233775078
2021-04,2021-04-05,low_pbr,0.012512012305355702
2021-04,2021-04-06,low_pbr,0.0030800042353889
2021-04,2021-04-07,low_pbr,0.011265290733362576
2021-04,2021-04-08,low_pbr,0.006090115614739933
2021-04,2021-04-09,low_pbr,-0.0033963858553315296
2021-04,2021-04-12,low_pbr,0.002371692351474497
2021-04,2021-04-13,low_pbr,-0.000576640994246258
2021-04,2021-04-14,low_pbr,0.005561728484531736
2021-04,2021-04-15,low_pbr,0.008075328814221683
2021-04,2021-04-16,low_pbr,-0.0016651035759500665
2021-04,2021-04-19,low_pbr,0.008216609218439475
2021-04,2021-04-20,low_pbr,0.017535177479022446
2021-04,2021-04-21,low_pbr,-0.004431665403660245
2021-04,2021-04-22,low_pbr,0.00985611082681559
2021-04,2021-04-23,low_pbr,0.012512392353231538
2021-04,2021-04-26,low_pbr,0.012911585213490007
2021-04,2021-04-27,low_pbr,0.0161127845496305
2021-04,2021-04-28,low_pbr,-0.005591149599069922
2021-04,2021-04-29,low_pbr,0.00398534827494923
2021-04,2021-04-30,low_pbr,-0.006526076121496915
2021-04,2021-05-03,low_pbr,-0.014972168542609299
2021-04,2021-04-02,high_pbr,-0.0030070854625543486
2021-04,2021-04-05,high_pbr,-0.003990279514552442
2021-04,2021-04-06,high_pbr,-0.0008934333105925507
2021-04,2021-04-07,high_pbr,0.006538029700357217
2021-04,2021-04-08,high_pbr,0.008023969194075553
2021-04,2021-04-09,high_pbr,0.01047395536540563
2021-04,2021-04-12,high_pbr,0.0007691112109236009
2021-04,2021-04-13,high_pbr,0.010056108504080674
2021-04,2021-04-14,high_pbr,0.002376304352968317
2021-04,2021-04-15,high_pbr,0.00865186858872069
2021-04,2021-04-16,high_pbr,0.002430828522252959
2021-04,2021-04-19,high_pbr,0.00958305572351903
2021-04,2021-04-20,high_pbr,0.004651346115313482
2021-04,2021-04-21,high_pbr,-0.005824502692725608
2021-04,2021-04-22,high_pbr,-0.004057624818403105
2021-04,2021-04-23,high_pbr,0.004066043358913474
2021-04,2021-04-26,high_pbr,0.0012200110631990224
2021-04,2021-04-27,high_pbr,-0.014856399495173145
2021-04,2021-04-28,high_pbr,-0.02031992981972619
2021-04,2021-04-29,high_pbr,-0.004115951732957868
2021-04,2021-04-30,high_pbr,-0.00825566350202589
2021-04,2021-05-03,high_pbr,-0.030150670360689635
2021-04,2021-04-02,baseline,0.00027156815730799977
2021-04,2021-04-05,baseline,0.0037393596716837063
2021-04,2021-04-06,baseline,-0.001138979776483806
2021-04,2021-04-07,baseline,0.005395187715447669
2021-04,2021-04-08,baseline,0.005135638270613141
2021-04,2021-04-09,baseline,0.0038777877636215763
2021-04,2021-04-12,baseline,0.003796367645017451
2021-04,2021-04-13,baseline,0.005901584632495238
2021-04,2021-04-14,baseline,0.0063387692641501125
2021-04,2021-04-15,baseline,0.002667223532268004
2021-04,2021-04-16,baseline,0.0025577915270318385
2021-04,2021-04-19,baseline,0.004007889782758234
2021-04,2021-04-20,baseline,0.01290009878836229
2021-04,2021-04-21,baseline,-0.00977044533891347
2021-04,2021-04-22,baseline,0.007147411199096121
2021-04,2021-04-23,baseline,0.0014571746054090617
2021-04,2021-04-26,baseline,0.011026337817686027
2021-04,2021-04-27,baseline,0.002928574935525896
2021-04,2021-04-28,baseline,-0.010063846202200244
2021-04,2021-04-29,baseline,-0.0010952658352200162
2021-04,2021-04-30,baseline,-0.005820569473915849
2021-04,2021-05-03,baseline,-0.01747797463539369
2021-05,2021-05-04,low_pbr,-0.007084201919870137
2021-05,2021-05-06,low_pbr,0.03578967562422797
2021-05,2021-05-07,low_pbr,0.011301739148687817
2021-05,2021-05-10,low_pbr,0.03345394537064639
2021-05,2021-05-11,low_pbr,0.012906077394140736
2021-05,2021-05-12,low_pbr,-0.02081730056443032
2021-05,2021-05-13,low_pbr,-0.0008146933857149374
2021-05,2021-05-14,low_pbr,-0.0010092024146786116
2021-05,2021-05-17,low_pbr,-0.013001403628715269
2021-05,2021-05-18,low_pbr,0.01255981551775065
2021-05,2021-05-20,low_pbr,-0.01635641415222422
2021-05,2021-05-21,low_pbr,-0.012821470191734186
2021-05,2021-05-24,low_pbr,0.008051192351759662
2021-05,2021-05-25,low_pbr,0.00961358411529245
2021-05,2021-05-26,low_pbr,0.0004187486849349664
2021-05,2021-05-27,low_pbr,0.004290767056061018
2021-05,2021-05-28,low_pbr,0.009667856744136394
2021-05,2021-05-31,low_pbr,0.007929476079079567
2021-05,2021-06-01,low_pbr,0.0021319933253634016
2021-05,2021-05-04,high_pbr,0.0012135038462777192
2021-05,2021-05-06,high_pbr,0.01889300942940131
2021-05,2021-05-07,high_pbr,0.010976943703133957
2021-05,2021-05-10,high_pbr,0.031150344939289143
2021-05,2021-05-11,high_pbr,-0.015988650735950127
2021-05,2021-05-12,high_pbr,-0.011221870708563508
2021-05,2021-05-13,high_pbr,-0.011972647890337251
2021-05,2021-05-14,high_pbr,0.00299609454355676
2021-05,2021-05-17,high_pbr,-0.0028323982731537356
2021-05,2021-05-18,high_pbr,0.016281154666528685
2021-05,2021-05-20,high_pbr,0.002591283768968111
2021-05,2021-05-21,high_pbr,-0.012422668467814924
2021-05,2021-05-24,high_pbr,-0.013599035353422217
2021-05,2021-05-25,high_pbr,0.013634650994470254
2021-05,2021-05-26,high_pbr,0.008079544763717195
2021-05,2021-05-27,high_pbr,0.004041203622356937
2021-05,2021-05-28,high_pbr,0.001355476774767439
2021-05,2021-05-31,high_pbr,-0.000675410582380076
2021-05,2021-06-01,high_pbr,0.006341156236463252
2021-05,2021-05-04,baseline,-0.0011935703012967425
2021-05,2021-05-06,baseline,0.021847567247895938
2021-05,2021-05-07,baseline,0.01297250832427399
2021-05,2021-05-10,baseline,0.026125270302613135
2021-05,2021-05-11,baseline,0.0016488046133005252
2021-05,2021-05-12,baseline,-0.01591653337104426
2021-05,2021-05-13,baseline,-0.007726219322290229
2021-05,2021-05-14,baseline,0.0007625804979007889
2021-05,2021-05-17,baseline,-0.0053115190166179715
2021-05,2021-05-18,baseline,0.015734736211339362
2021-05,2021-05-20,baseline,-0.006790432244140332
2021-05,2021-05-21,baseline,-0.011340370636180097
2021-05,2021-05-24,baseline,-0.0016555995439448967
2021-05,2021-05-25,baseline,0.012595559995529193
2021-05,2021-05-26,baseline,0.006239054181446768
2021-05,2021-05-27,baseline,0.0023994324941889467
2021-05,2021-05-28,baseline,0.0055119554429980955
2021-05,2021-05-31,baseline,0.0060835523308220285
2021-05,2021-06-01,baseline,0.00597549590146107
2021-06,2021-06-02,low_pbr,0.006893479283182513
2021-06,2021-06-03,low_pbr,-0.005856948887884128
2021-06,2021-06-04,low_pbr,4.905410445399383e-05
2021-06,2021-06-07,low_pbr,0.010340214751907384
2021-06,2021-06-08,low_pbr,0.0021051476089255505
2021-06,2021-06-09,low_pbr,-0.010753136463037771
2021-06,2021-06-10,low_pbr,-0.00710859346241588
2021-06,2021-06-11,low_pbr,0.005038658364797444
2021-06,2021-06-14,low_pbr,-0.003751973952365706
2021-06,2021-06-15,low_pbr,-0.0049729843286142605
2021-06,2021-06-16,low_pbr,0.008641291085736746
2021-06,2021-06-17,low_pbr,-0.005510180226503625
2021-06,2021-06-18,low_pbr,-0.005411954486408632
2021-06,2021-06-21,low_pbr,-0.021179973105405425
2021-06,2021-06-22,low_pbr,0.017244091558149544
2021-06,2021-06-23,low_pbr,-0.006877111795356106
2021-06,2021-06-24,low_pbr,0.006132622195954562
2021-06,2021-06-25,low_pbr,0.019537397137249002
2021-06,2021-06-28,low_pbr,0.00445460163015543
2021-06,2021-06-29,low_pbr,-0.00494108763227874
2021-06,2021-06-30,low_pbr,0.0013727555451963358
2021-06,2021-07-01,low_pbr,-0.006775685090968708
2021-06,2021-06-02,high_pbr,-0.0025251420537153457
2021-06,2021-06-03,high_pbr,-0.0011589756822331099
2021-06,2021-06-04,high_pbr,-0.006567812837986353
2021-06,2021-06-07,high_pbr,0.0056572978535101015
2021-06,2021-06-08,high_pbr,-0.0011505818662014278
2021-06,2021-06-09,high_pbr,-0.007390055356603864
2021-06,2021-06-10,high_pbr,0.013252534964531382
2021-06,2021-06-11,high_pbr,0.003112634241610124
2021-06,2021-06-14,high_pbr,0.007812659769692365
2021-06,2021-06-15,high_pbr,-0.0020564053877263344
2021-06,2021-06-16,high_pbr,0.0025223520059405313
2021-06,2021-06-17,high_pbr,0.0003279960472133414
2021-06,2021-06-18,high_pbr,0.011116052847798263
2021-06,2021-06-21,high_pbr,-0.009796672693657471
2021-06,2021-06-22,high_pbr,0.0005293146962539463
2021-06,2021-06-23,high_pbr,0.004376782736752904
2021-06,2021-06-24,high_pbr,-0.003517661470051503
2021-06,2021-06-25,high_pbr,0.005265087570785809
2021-06,2021-06-28,high_pbr,0.0003821070439182783
2021-06,2021-06-29,high_pbr,0.0050874638662949945
2021-06,2021-06-30,high_pbr,-0.0012519619152063788
2021-06,2021-07-01,high_pbr,0.005090225455282704
2021-06,2021-06-02,baseline,0.004569862816534043
2021-06,2021-06-03,baseline,-0.002485427590810385
2021-06,2021-06-04,baseline,-0.000720736790398302
2021-06,2021-06-07,baseline,0.010018205639819477
2021-06,2021-06-08,baseline,-0.0038342326553642003
2021-06,2021-06-09,baseline,-0.007814004537016195
2021-06,2021-06-10,baseline,-1.247070549670326e-05
2021-06,2021-06-11,baseline,0.0042835580106570514
2021-06,2021-06-14,baseline,-0.001258653681238009
2021-06,2021-06-15,baseline,-0.0024703068263980388
2021-06,2021-06-16,baseline,0.005633097563058298
2021-06,2021-06-17,baseline,-0.0038859596581108935
2021-06,2021-06-18,baseline,0.0020976896536055722
2021-06,2021-06-21,baseline,-0.014762099609627488
2021-06,2021-06-22,baseline,0.01113965935600758
2021-06,2021-06-23,baseline,-0.004379527563253993
2021-06,2021-06-24,baseline,0.000974880069571693
2021-06,2021-06-25,baseline,0.009466371162136555
2021-06,2021-06-28,baseline,0.002658443120060916
2021-06,2021-06-29,baseline,-0.002421305082873748
2021-06,2021-06-30,baseline,-0.00017362644744955968
2021-06,2021-07-01,baseline,-0.0025317733132982356
2021-07,2021-07-02,low_pbr,0.006535357921026108
2021-07,2021-07-05,low_pbr,-0.0032881026930502433
2021-07,2021-07-06,low_pbr,0.0056811461950325715
2021-07,2021-07-07,low_pbr,-0.013040525405000447
2021-07,2021-07-08,low_pbr,-0.011305012414071669
2021-07,2021-07-09,low_pbr,-0.018566835146295646
2021-07,2021-07-12,low_pbr,0.0166669192141069
2021-07,2021-07-13,low_pbr,0.012474260934170145
2021-07,2021-07-14,low_pbr,-0.0034291976875490127
2021-07,2021-07-15,low_pbr,0.008091547887210782
2021-07,2021-07-16,low_pbr,0.0010727450062260058
2021-07,2021-07-19,low_pbr,-0.011342488228123004
2021-07,2021-07-20,low_pbr,-0.00833807019931132
2021-07,2021-07-21,low_pbr,0.00042599543288557307
2021-07,2021-07-22,low_pbr,0.01643646623370909
2021-07,2021-07-23,low_pbr,0.001579057437541831
2021-07,2021-07-26,low_pbr,-0.010727628501047137
2021-07,2021-07-27,low_pbr,0.00514927096692519
2021-07,2021-07-28,low_pbr,0.004931871414176392
2021-07,2021-07-29,low_pbr,0.0029300979960893425
2021-07,2021-07-30,low_pbr,-0.006369081414824174
2021-07,2021-08-02,low_pbr,-0.0014047618399189998
2021-07,2021-07-02,high_pbr,0.00259705957992451
2021-07,2021-07-05,high_pbr,0.012626307714599383
2021-07,2021-07-06,high_pbr,-0.0077647841097902015
2021-07,2021-07-07,high_pbr,-0.008473152311837984
2021-07,2021-07-08,high_pbr,-0.010116015229137965
2021-07,2021-07-09,high_pbr,-0.006706426549678124
2021-07,2021-07-12,high_pbr,0.006678454454360994
2021-07,2021-07-13,high_pbr,0.006813361541583074
2021-07,2021-07-14,high_pbr,-0.0004635991669574846
2021-07,2021-07-15,high_pbr,0.014341654854346242
2021-07,2021-07-16,high_pbr,-0.004990153580689438
2021-07,2021-07-19,high_pbr,-0.004724811956436481
2021-07,2021-07-20,high_pbr,-0.005398928318257612
2021-07,2021-07-21,high_pbr,-0.0020141814925426216
2021-07,2021-07-22,high_pbr,0.008644944396691834
2021-07,2021-07-23,high_pbr,-0.00023432389550948063
2021-07,2021-07-26,high_pbr,-0.0076370655441807545
2021-07,2021-07-27,high_pbr,-0.0021732327849569577
2021-07,2021-07-28,high_pbr,-0.004655104413732625
2021-07,2021-07-29,high_pbr,0.009809488749014994
2021-07,2021-07-30,high_pbr,-0.015194732659854826
2021-07,2021-08-02,high_pbr,0.0060235494351275065
2021-07,2021-07-02,baseline,0.00262123300653494
2021-07,2021-07-05,baseline,0.003405194905833575
2021-07,2021-07-06,baseline,0.0006617512585813667
2021-07,2021-07-07,baseline,-0.010133789961746742
2021-07,2021-07-08,baseline,-0.014713747278938483
2021-07,2021-07-09,baseline,-0.0121889215798201
2021-07,2021-07-12,baseline,0.012274616357863533
2021-07,2021-07-13,baseline,0.009481030015247915
2021-07,2021-07-14,baseline,-0.00032392863602925814
2021-07,2021-07-15,baseline,0.008617096635602728
2021-07,2021-07-16,baseline,-0.0036879998396078806
2021-07,2021-07-19,baseline,-0.010131835281219637
2021-07,2021-07-20,baseline,-0.005106521395813246
2021-07,2021-07-21,baseline,0.001589491396928322
2021-07,2021-07-22,baseline,0.009016617458131426
2021-07,2021-07-23,baseline,0.002084704873303922
2021-07,2021-07-26,baseline,-0.009516073480563048
2021-07,2021-07-27,baseline,0.0015725059877054193
2021-07,2021-07-28,baseline,-0.0005875552480796298
2021-07,2021-07-29,baseline,0.0049788945899587045
2021-07,2021-07-30,baseline,-0.011269916350557962
2021-07,2021-08-02,baseline,0.0008346840876636286
2021-08,2021-08-03,low_pbr,-0.008507663097519158
2021-08,2021-08-04,low_pbr,0.014024226578251753
2021-08,2021-08-05,low_pbr,-0.001667825907498921
2021-08,2021-08-06,low_pbr,-0.0021770944982455465
2021-08,2021-08-09,low_pbr,-0.00864773351010295
2021-08,2021-08-10,low_pbr,-0.0018409991382029034
2021-08,2021-08-11,low_pbr,0.005423321237820744
2021-08,2021-08-12,low_pbr,-0.0029186494270098118
2021-08,2021-08-13,low_pbr,-0.006429432533115231
2021-08,2021-08-17,low_pbr,-0.01180653740465698
2021-08,2021-08-18,low_pbr,0.003314340900808066
2021-08,2021-08-19,low_pbr,-0.039044655864444944
2021-08,2021-08-20,low_pbr,-0.018506408971474264
2021-08,2021-08-23,low_pbr,0.01553673574781933
2021-08,2021-08-24,low_pbr,0.02860534259355263
2021-08,2021-08-25,low_pbr,0.007173614586206689
2021-08,2021-08-26,low_pbr,9.493038507990548e-05
2021-08,2021-08-27,low_pbr,0.004492975232033514
2021-08,2021-08-30,low_pbr,0.001976626640145307
2021-08,2021-08-31,low_pbr,0.005281601054922369
2021-08,2021-09-01,low_pbr,0.011683532347340542
2021-08,2021-08-03,high_pbr,-0.0024086448844544694
2021-08,2021-08-04,high_pbr,0.01595996498696861
2021-08,2021-08-05,high_pbr,0.009048846564549518
2021-08,2021-08-06,high_pbr,0.0063840966016031064
2021-08,2021-08-09,high_pbr,-0.014041966128966799
2021-08,2021-08-10,high_pbr,0.01228016732753856
2021-08,2021-08-11,high_pbr,0.0016942385775420288
2021-08,2021-08-12,high_pbr,0.0028491935687808834
2021-08,2021-08-13,high_pbr,-0.01282722028314709
2021-08,2021-08-17,high_pbr,-0.022870523797324238
2021-08,2021-08-18,high_pbr,0.008403127029001256
2021-08,2021-08-19,high_pbr,-0.024342346452944863
2021-08,2021-08-20,high_pbr,-0.017355837208450242
2021-08,2021-08-23,high_pbr,0.014577699692847057
2021-08,2021-08-24,high_pbr,0.021330837973273953
2021-08,2021-08-25,high_pbr,0.008268404526730277
2021-08,2021-08-26,high_pbr,-0.006377676439792701
2021-08,2021-08-27,high_pbr,0.004110437934543576
2021-08,2021-08-30,high_pbr,0.010690017835492505
2021-08,2021-08-31,high_pbr,0.011310654665598996
2021-08,2021-09-01,high_pbr,0.002065446175831376
2021-08,2021-08-03,baseline,-0.003844972538622038
2021-08,2021-08-04,baseline,0.015082302178968998
2021-08,2021-08-05,baseline,0.0007740063758141513
2021-08,2021-08-06,baseline,0.0007001335581948709
2021-08,2021-08-09,baseline,-0.011503614600237633
2021-08,2021-08-10,baseline,-0.0013191621836889933
2021-08,2021-08-11,baseline,-0.001450018816912757
2021-08,2021-08-12,baseline,0.0004992308323565897
2021-08,2021-08-13,baseline,-0.011880884876784514
2021-08,2021-08-17,baseline,-0.018425648385365423
2021-08,2021-08-18,baseline,0.008468661158985258
2021-08,2021-08-19,baseline,-0.033477247386479614
2021-08,2021-08-20,baseline,-0.017099607657500848
2021-08,2021-08-23,baseline,0.017553733583792086
2021-08,2021-08-24,baseline,0.024522847229256017
2021-08,2021-08-25,baseline,0.007272589382216754
2021-08,2021-08-26,baseline,-0.0033687470661144525
2021-08,2021-08-27,baseline,0.006084673349568748
2021-08,2021-08-30,baseline,0.00801054447862204
2021-08,2021-08-31,baseline,0.009251303139665046
2021-08,2021-09-01,baseline,0.002879406100203763
2021-09,2021-09-02,low_pbr,0.0009599957997219466
2021-09,2021-09-03,low_pbr,-0.003163589607064865
2021-09,2021-09-06,low_pbr,0.007038617786215395
2021-09,2021-09-07,low_pbr,0.00280580672521924
2021-09,2021-09-08,low_pbr,0.002645675358921906
2021-09,2021-09-09,low_pbr,-0.02120081980578059
2021-09,2021-09-10,low_pbr,0.014705473376308342
2021-09,2021-09-13,low_pbr,0.006512949337515561
2021-09,2021-09-14,low_pbr,0.0059079917160580475
2021-09,2021-09-15,low_pbr,-0.0011778374124170599
2021-09,2021-09-16,low_pbr,0.0004734319797421449
2021-09,2021-09-17,low_pbr,-0.005478671100743515
2021-09,2021-09-23,low_pbr,-0.012265908461060904
2021-09,2021-09-24,low_pbr,-0.0018280034150527369
2021-09,2021-09-27,low_pbr,-0.0010930293356220533
2021-09,2021-09-28,low_pbr,0.007944082047153467
2021-09,2021-09-29,low_pbr,-0.012660952205834408
2021-09,2021-09-30,low_pbr,0.007005816183312641
2021-09,2021-10-01,low_pbr,-0.017441228820933574
2021-09,2021-09-02,high_pbr,-0.007365084014450796
2021-09,2021-09-03,high_pbr,0.0073428195061464585
2021-09,2021-09-06,high_pbr,0.003612903611654117
2021-09,2021-09-07,high_pbr,0.0014492492044841931
2021-09,2021-09-08,high_pbr,-0.012171730979422257
2021-09,2021-09-09,high_pbr,-0.013202801920904395
2021-09,2021-09-10,high_pbr,0.0029955934718797206
2021-09,2021-09-13,high_pbr,-0.0018114474981719697
2021-09,2021-09-14,high_pbr,0.006712930470008649
2021-09,2021-09-15,high_pbr,0.007347075791930946
2021-09,2021-09-16,high_pbr,-0.007014242995677655
2021-09,2021-09-17,high_pbr,-0.003817807969194731
2021-09,2021-09-23,high_pbr,-0.00801369694357068
2021-09,2021-09-24,high_pbr,0.001005199155192038
2021-09,2021-09-27,high_pbr,0.008397022263956
2021-09,2021-09-28,high_pbr,-0.01879367953278377
2021-09,2021-09-29,high_pbr,-0.006947395729083872
2021-09,2021-09-30,high_pbr,-0.003694028849722475
2021-09,2021-10-01,high_pbr,-0.021288557883370363
2021-09,2021-09-02,baseline,-0.00452380633828775
2021-09,2021-09-03,baseline,0.0031880006177973375
2021-09,2021-09-06,baseline,0.004924329441275965
2021-09,2021-09-07,baseline,0.0024013693282498583
2021-09,2021-09-08,baseline,-0.0036508177188222524
2021-09,2021-09-09,baseline,-0.016218619659148836
2021-09,2021-09-10,baseline,0.00915080819200842
2021-09,2021-09-13,baseline,0.0024160243632043166
2021-09,2021-09-14,baseline,0.008567878106542803
2021-09,2021-09-15,baseline,0.0010421592165730242
2021-09,2021-09-16,baseline,-0.0022006636352700504
2021-09,2021-09-17,baseline,-0.004054468979441173
2021-09,2021-09-23,baseline,-0.0059889163244788435
2021-09,2021-09-24,baseline,-0.004524481096965904
2021-09,2021-09-27,baseline,0.0023832916011408134
2021-09,2021-09-28,baseline,-0.005960041959753304
2021-09,2021-09-29,baseline,-0.010536278529528431
2021-09,2021-09-30,baseline,0.0011256596827662335
2021-09,2021-10-01,baseline,-0.018161408430188097
2021-10,2021-10-05,low_pbr,-5.7381506149756234e-05
2021-10,2021-10-06,low_pbr,-0.014646609553946699
2021-10,2021-10-07,low_pbr,0.017972565005100583
2021-10,2021-10-08,low_pbr,-0.0006811970976660087
2021-10,2021-10-12,low_pbr,-0.0035216054351950854
2021-10,2021-10-13,low_pbr,0.012861894354214476
2021-10,2021-10-14,low_pbr,0.008778670349934181
2021-10,2021-10-15,low_pbr,0.00783294843263338
2021-10,2021-10-18,low_pbr,-0.001081238623055425
2021-10,2021-10-19,low_pbr,-0.00038926950961348794
2021-10,2021-10-20,low_pbr,-0.008502487101868628
2021-10,2021-10-21,low_pbr,0.003100712994023924
2021-10,2021-10-22,low_pbr,-0.007305378482254987
2021-10,2021-10-25,low_pbr,0.01554611169366904
2021-10,2021-10-26,low_pbr,0.006890445410983714
2021-10,2021-10-27,low_pbr,-0.007393546715272148
2021-10,2021-10-28,low_pbr,-0.019872250302258698
2021-10,2021-10-29,low_pbr,-0.007896264606418346
2021-10,2021-11-01,low_pbr,0.0016560261015812205
2021-10,2021-10-05,high_pbr,-0.01812285750817777
2021-10,2021-10-06,high_pbr,-0.03521418564677481
2021-10,2021-10-07,high_pbr,0.03332400574240846
2021-10,2021-10-08,high_pbr,-0.0008337206696434896
2021-10,2021-10-12,high_pbr,-0.015455611202915831
2021-10,2021-10-13,high_pbr,0.01787957674568097
2021-10,2021-10-14,high_pbr,0.028500199946333682
2021-10,2021-10-15,high_pbr,0.006861161429818852
2021-10,2021-10-18,high_pbr,-0.0035716238228419295
2021-10,2021-10-19,high_pbr,0.010476174897126045
2021-10,2021-10-20,high_pbr,-0.012988355831143661
2021-10,2021-10-21,high_pbr,-0.0042267277825377425
2021-10,2021-10-22,high_pbr,-0.0023771243846471
2021-10,2021-10-25,high_pbr,0.0059314175191889085
2021-10,2021-10-26,high_pbr,0.009079849994924283
2021-10,2021-10-27,high_pbr,-0.006923636284890566
2021-10,2021-10-28,high_pbr,-0.017235713689191523
2021-10,2021-10-29,high_pbr,-0.014587794564490886
2021-10,2021-11-01,high_pbr,-0.0021776434875400152
2021-10,2021-10-05,baseline,-0.006227224494269823
2021-10,2021-10-06,baseline,-0.02491280980361743
2021-10,2021-10-07,baseline,0.022127739352399534
2021-10,2021-10-08,baseline,-0.0031575792223390575
2021-10,2021-10-12,baseline,-0.0074258541826512925
2021-10,2021-10-13,baseline,0.01400147849768052
2021-10,2021-10-14,baseline,0.01404708830206447
2021-10,2021-10-15,baseline,0.009081763421544764
2021-10,2021-10-18,baseline,-0.001985313539965561
2021-10,2021-10-19,baseline,0.0030606334494003296
2021-10,2021-10-20,baseline,-0.009076032633180908
2021-10,2021-10-21,baseline,-4.260143829792895e-05
2021-10,2021-10-22,baseline,-0.004237636553487301
2021-10,2021-10-25,baseline,0.011109991942699127
2021-10,2021-10-26,baseline,0.005251084317823285
2021-10,2021-10-27,baseline,-0.007388209074176699
2021-10,2021-10-28,baseline,-0.01624579067198706
2021-10,2021-10-29,baseline,-0.010919994675412714
2021-10,2021-11-01,baseline,0.0011039148023890277
2021-11,2021-11-02,low_pbr,0.008817013585940003
2021-11,2021-11-03,low_pbr,-0.011898889160621096
2021-11,2021-11-04,low_pbr,-0.00023154105100120503
2021-11,2021-11-05,low_pbr,-0.0158446384317813
2021-11,2021-11-08,low_pbr,0.00943738152326734
2021-11,2021-11-09,low_pbr,-0.0046051380076092
2021-11,2021-11-10,low_pbr,-0.01667985493455648
2021-11,2021-11-11,low_pbr,-0.007174760364397792
2021-11,2021-11-12,low_pbr,0.018266825566983114
2021-11,2021-11-15,low_pbr,0.003710525274343679
2021-11,2021-11-16,low_pbr,-0.0022493085174961625
2021-11,2021-11-17,low_pbr,-0.022967059314086602
2021-11,2021-11-18,low_pbr,-0.006015331683142278
2021-11,2021-11-19,low_pbr,-0.0015458221988426946
2021-11,2021-11-22,low_pbr,0.004815368999424807
2021-11,2021-11-23,low_pbr,-0.002000132506553176
2021-11,2021-11-24,low_pbr,-0.0005120957418754957
2021-11,2021-11-25,low_pbr,-0.008720829468253477
2021-11,2021-11-26,low_pbr,-0.025226197091302915
2021-11,2021-11-29,low_pbr,-0.018757214395490385
2021-11,2021-11-30,low_pbr,-0.030900777101382948
2021-11,2021-12-01,low_pbr,0.02336599500269254
2021-11,2021-11-02,high_pbr,0.01162320808268702
2021-11,2021-11-03,high_pbr,-0.007057725090787947
2021-11,2021-11-04,high_pbr,0.010109937156128623
2021-11,2021-11-05,high_pbr,-0.005792557164974732
2021-11,2021-11-08,high_pbr,-0.005319048720871633
2021-11,2021-11-09,high_pbr,0.005314865540111402
2021-11,2021-11-10,high_pbr,-0.01238325353849945
2021-11,2021-11-11,high_pbr,0.0021239813785522976
2021-11,2021-11-12,high_pbr,0.02063282561464619
2021-11,2021-11-15,high_pbr,0.011188556096116686
2021-11,2021-11-16,high_pbr,-0.0006669596130592925
2021-11,2021-11-17,high_pbr,-0.009531631035066268
2021-11,2021-11-18,high_pbr,-0.0045444176653641755
2021-11,2021-11-19,high_pbr,-0.0004857323253784074
2021-11,2021-11-22,high_pbr,-0.00389841792044221
2021-11,2021-11-23,high_pbr,-0.010208405204560012
2021-11,2021-11-24,high_pbr,-0.003126733062450926
2021-11,2021-11-25,high_pbr,-0.004924593807038469
2021-11,2021-11-26,high_pbr,-0.002921947142392689
2021-11,2021-11-29,high_pbr,-0.012074383519717347
2021-11,2021-11-30,high_pbr,-0.02561780709117656
2021-11,2021-12-01,high_pbr,0.01251328426818299
2021-11,2021-11-02,baseline,0.010407063846789688
2021-11,2021-11-03,baseline,-0.01095949176122002
2021-11,2021-11-04,baseline,0.0005810141511120026
2021-11,2021-11-05,baseline,-0.0077730851065204165
2021-11,2021-11-08,baseline,0.004556836387199059
2021-11,2021-11-09,baseline,0.0011303535796816089
2021-11,2021-11-10,baseline,-0.01835275337067499
2021-11,2021-11-11,baseline,-0.007609983321718805
2021-11,2021-11-12,baseline,0.01861544671901605
2021-11,2021-11-15,baseline,0.008461940995640793
2021-11,2021-11-16,baseline,-0.0015875856772448182
2021-11,2021-11-17,baseline,-0.015840485961543416
2021-11,2021-11-18,baseline,-0.005970852979451102
2021-11,2021-11-19,baseline,0.002812007804166461
2021-11,2021-11-22,baseline,0.001929535521364878
2021-11,2021-11-23,baseline,-0.006233839489041215
2021-11,2021-11-24,baseline,-0.00220080875771822
2021-11,2021-11-25,baseline,-0.007740877050941397
2021-11,2021-11-26,baseline,-0.018340527195779388
2021-11,2021-11-29,baseline,-0.016495898462214664
2021-11,2021-11-30,baseline,-0.028622608777664205
2021-11,2021-12-01,baseline,0.01911746489624666
2021-12,2021-12-02,low_pbr,0.026484688702158588
2021-12,2021-12-03,low_pbr,0.014346675593515101
2021-12,2021-12-06,low_pbr,0.008751802261500297
2021-12,2021-12-07,low_pbr,0.009013839060723061
2021-12,2021-12-08,low_pbr,-0.002344252189364515
2021-12,2021-12-09,low_pbr,0.012305864785310705
2021-12,2021-12-10,low_pbr,-0.0044129678310723675
2021-12,2021-12-13,low_pbr,-0.00011912096210331402
2021-12,2021-12-14,low_pbr,-0.0037257010602125273
2021-12,2021-12-15,low_pbr,0.00201851153191579
2021-12,2021-12-16,low_pbr,0.0011950961226152579
2021-12,2021-12-17,low_pbr,0.01304320040490059
2021-12,2021-12-20,low_pbr,-0.01802576222763619
2021-12,2021-12-21,low_pbr,0.0016257666418406647
2021-12,2021-12-22,low_pbr,-0.0008096545723320636
2021-12,2021-12-23,low_pbr,0.002739089534264494
2021-12,2021-12-24,low_pbr,0.005064297782692684
2021-12,2021-12-27,low_pbr,-0.00035731082271284187
2021-12,2021-12-28,low_pbr,0.009440554510314891
2021-12,2021-12-29,low_pbr,-0.023027708163413596
2021-12,2021-12-30,low_pbr,-0.009537398424450116
2021-12,2022-01-03,low_pbr,0.00029974476183136645
2021-12,2021-12-02,high_pbr,0.004753974743951561
2021-12,2021-12-03,high_pbr,0.01757621620589278
2021-12,2021-12-06,high_pbr,-0.00796674042284129
2021-12,2021-12-07,high_pbr,0.013074443174814876
2021-12,2021-12-08,high_pbr,0.008098019021893776
2021-12,2021-12-09,high_pbr,0.010020762899449753
2021-12,2021-12-10,high_pbr,-0.009136357964698916
2021-12,2021-12-13,high_pbr,-0.009460679141193529
2021-12,2021-12-14,high_pbr,-0.005075672905830886
2021-12,2021-12-15,high_pbr,0.0015164487919319125
2021-12,2021-12-16,high_pbr,0.0014155243628790615
2021-12,2021-12-17,high_pbr,0.002047447980480177
2021-12,2021-12-20,high_pbr,-0.013305375453818047
2021-12,2021-12-21,high_pbr,-0.003167915294076451
2021-12,2021-12-22,high_pbr,-0.0031605938781527065
2021-12,2021-12-23,high_pbr,-0.00271940505742585
2021-12,2021-12-24,high_pbr,0.004618004372445972
2021-12,2021-12-27,high_pbr,-0.0021209867804110605
2021-12,2021-12-28,high_pbr,0.007206614074995121
2021-12,2021-12-29,high_pbr,0.0029693735768241414
2021-12,2021-12-30,high_pbr,-0.00765674824918805
2021-12,2022-01-03,high_pbr,0.003730690060112174
2021-12,2021-12-02,baseline,0.018692009676898103
2021-12,2021-12-03,baseline,0.016472102450021175
2021-12,2021-12-06,baseline,0.0033834556983747266
2021-12,2021-12-07,baseline,0.013109745250439842
2021-12,2021-12-08,baseline,-0.0010633503222416962
2021-12,2021-12-09,baseline,0.011760093327534804
2021-12,2021-12-10,baseline,-0.0032260590479625817
2021-12,2021-12-13,baseline,-0.002716855060894807
2021-12,2021-12-14,baseline,-0.004891433997859296
2021-12,2021-12-15,baseline,-0.0015188890379821407
2021-12,2021-12-16,baseline,0.0028877195661731747
2021-12,2021-12-17,baseline,0.009496143462483397
2021-12,2021-12-20,baseline,-0.018132659030415943
2021-12,2021-12-21,baseline,0.0007706914392322517
2021-12,2021-12-22,baseline,8.674297874988746e-05
2021-12,2021-12-23,baseline,0.0020110397579800043
2021-12,2021-12-24,baseline,0.0060188909989140615
2021-12,2021-12-27,baseline,-0.0006161289219759336
2021-12,2021-12-28,baseline,0.006448541403240471
2021-12,2021-12-29,baseline,-0.008377780616773745
2021-12,2021-12-30,baseline,-0.008495562232636922
2021-12,2022-01-03,baseline,0.003496601039815639
2022-01,2022-01-04,low_pbr,0.02265727203876633
2022-01,2022-01-05,low_pbr,0.0045104095119727905
2022-01,2022-01-06,low_pbr,-0.0018784147624527625
2022-01,2022-01-07,low_pbr,0.006762970583094274
2022-01,2022-01-10,low_pbr,0.005952580891495529
2022-01,2022-01-11,low_pbr,-0.006868835229567605
2022-01,2022-01-12,low_pbr,0.006855441295236853
2022-01,2022-01-13,low_pbr,0.003626230455282764
2022-01,2022-01-14,low_pbr,-0.015550459335636146
2022-01,2022-01-17,low_pbr,-0.013903568196121707
2022-01,2022-01-18,low_pbr,-0.01395550855731209
2022-01,2022-01-19,low_pbr,0.004640142576689765
2022-01,2022-01-20,low_pbr,-0.003990597170194676
2022-01,2022-01-21,low_pbr,-0.009146308851168738
2022-01,2022-01-24,low_pbr,-0.018324656880986057
2022-01,2022-01-25,low_pbr,-0.029653645899269
2022-01,2022-01-26,low_pbr,0.006449881883012987
2022-01,2022-01-27,low_pbr,-0.03647169101520198
2022-01,2022-01-28,low_pbr,0.028936756263550745
2022-01,2022-02-03,low_pbr,0.02479283076087624
2022-01,2022-01-04,high_pbr,-0.014300420474356645
2022-01,2022-01-05,high_pbr,-0.02613268194404894
2022-01,2022-01-06,high_pbr,-0.026274058014354673
2022-01,2022-01-07,high_pbr,0.01100935755836474
2022-01,2022-01-10,high_pbr,-0.019623033082520114
2022-01,2022-01-11,high_pbr,-0.008634861245913283
2022-01,2022-01-12,high_pbr,0.025180768015103272
2022-01,2022-01-13,high_pbr,-0.0029033721814104574
2022-01,2022-01-14,high_pbr,-0.013391833513331841
2022-01,2022-01-17,high_pbr,-0.01950480223709905
2022-01,2022-01-18,high_pbr,-0.01671875973515602
2022-01,2022-01-19,high_pbr,-0.009890089005776481
2022-01,2022-01-20,high_pbr,0.013431782832339145
2022-01,2022-01-21,high_pbr,-0.005377329357007521
2022-01,2022-01-24,high_pbr,-0.018830752270188822
2022-01,2022-01-25,high_pbr,-0.03554514831473066
2022-01,2022-01-26,high_pbr,-0.009042617742043624
2022-01,2022-01-27,high_pbr,-0.04488227049964244
2022-01,2022-01-28,high_pbr,0.020306431320496587
2022-01,2022-02-03,high_pbr,0.022331996617380057
2022-01,2022-01-04,baseline,0.0045664732339729674
2022-01,2022-01-05,baseline,-0.007277143706399758
2022-01,2022-01-06,baseline,-0.009589402242122236
2022-01,2022-01-07,baseline,0.011017953994939989
2022-01,2022-01-10,baseline,-0.0048140931088809236
2022-01,2022-01-11,baseline,-0.009077468613765016
2022-01,2022-01-12,baseline,0.016669671033161526
2022-01,2022-01-13,baseline,0.0014347926300930514
2022-01,2022-01-14,baseline,-0.013922979969454463
2022-01,2022-01-17,baseline,-0.014946798702834552
2022-01,2022-01-18,baseline,-0.014695182178035227
2022-01,2022-01-19,baseline,-0.003781882480292875
2022-01,2022-01-20,baseline,0.008224416302316184
2022-01,2022-01-21,baseline,-0.010308117531437455
2022-01,2022-01-24,baseline,-0.01860667499966573
2022-01,2022-01-25,baseline,-0.030434922403649756
2022-01,2022-01-26,baseline,-0.00042167495471057137
2022-01,2022-01-27,baseline,-0.038253650118424964
2022-01,2022-01-28,baseline,0.030350454580561292
2022-01,2022-02-03,baseline,0.019225892428390123
2022-02,2022-02-04,low_pbr,0.01867813020884901
2022-02,2022-02-07,low_pbr,0.004717239817891183
2022-02,2022-02-08,low_pbr,0.0013093484816208978
2022-02,2022-02-09,low_pbr,0.021261610918721585
2022-02,2022-02-10,low_pbr,-0.001773986304998365
2022-02,2022-02-11,low_pbr,-0.006245959600903794
2022-02,2022-02-14,low_pbr,-0.015775824450013465
2022-02,2022-02-15,low_pbr,-0.012639352058835263
2022-02,2022-02-16,low_pbr,0.013036011929326907
2022-02,2022-02-17,low_pbr,0.002864584869595843
2022-02,2022-02-18,low_pbr,0.008364241692455865
2022-02,2022-02-21,low_pbr,-0.0034625387920036443
2022-02,2022-02-22,low_pbr,-0.01414846272041348
2022-02,2022-02-23,low_pbr,0.013462009376157269
2022-02,2022-02-24,low_pbr,-0.017607635609788397
2022-02,2022-02-25,low_pbr,0.0037982452958358337
2022-02,2022-02-28,low_pbr,0.012152060520644437
2022-02,2022-03-02,low_pbr,-0.0027848560225606223
2022-02,2022-02-04,high_pbr,0.02299844196890133
2022-02,2022-02-07,high_pbr,-0.004041253787559818
2022-02,2022-02-08,high_pbr,0.003900813434777106
2022-02,2022-02-09,high_pbr,0.007455794587658993
2022-02,2022-02-10,high_pbr,-0.0030991621456650797
2022-02,2022-02-11,high_pbr,-0.018004218112968817
2022-02,2022-02-14,high_pbr,-0.014530463203413446
2022-02,2022-02-15,high_pbr,-0.017137809564219286
2022-02,2022-02-16,high_pbr,0.032783202860141136
2022-02,2022-02-17,high_pbr,0.003593332681991912
2022-02,2022-02-18,high_pbr,0.007261674149100283
2022-02,2022-02-21,high_pbr,0.0019776654579732877
2022-02,2022-02-22,high_pbr,-0.01651669988575155
2022-02,2022-02-23,high_pbr,0.008965700760221074
2022-02,2022-02-24,high_pbr,-0.028381139223667362
2022-02,2022-02-25,high_pbr,0.029851530100834633
2022-02,2022-02-28,high_pbr,0.018601961182613147
2022-02,2022-03-02,high_pbr,0.004072024686570419
2022-02,2022-02-04,baseline,0.01990556823761014
2022-02,2022-02-07,baseline,0.0002479048965087216
2022-02,2022-02-08,baseline,0.0005084185775321437
2022-02,2022-02-09,baseline,0.015050447870087247
2022-02,2022-02-10,baseline,0.0014275261525606986
2022-02,2022-02-11,baseline,-0.01411600893047149
2022-02,2022-02-14,baseline,-0.01547508920996632
2022-02,2022-02-15,baseline,-0.01279041820058946
2022-02,2022-02-16,baseline,0.022633961919179546
2022-02,2022-02-17,baseline,0.004734134946080992
2022-02,2022-02-18,baseline,0.008198448493553556
2022-02,2022-02-21,baseline,0.002527882909425516
2022-02,2022-02-22,baseline,-0.013001340925528071
2022-02,2022-02-23,baseline,0.013210704119413164
2022-02,2022-02-24,baseline,-0.022714423780978543
2022-02,2022-02-25,baseline,0.01436062967989482
2022-02,2022-02-28,baseline,0.0124249596106345
2022-02,2022-03-02,baseline,0.003990678776799372
2022-03,2022-03-03,low_pbr,0.019169843445221435
2022-03,2022-03-04,low_pbr,0.003700391205041731
2022-03,2022-03-07,low_pbr,-0.020028406603699533
2022-03,2022-03-08,low_pbr,-0.02112152997965544
2022-03,2022-03-10,low_pbr,0.021775538345521817
2022-03,2022-03-11,low_pbr,0.00908720232211091
2022-03,2022-03-14,low_pbr,-0.0037965610718625475
2022-03,2022-03-15,low_pbr,-0.011343372910155747
2022-03,2022-03-16,low_pbr,0.013677796876747639
2022-03,2022-03-17,low_pbr,-0.002733494482430099
2022-03,2022-03-18,low_pbr,0.0061332515621126404
2022-03,2022-03-21,low_pbr,0.0013992310290480425
2022-03,2022-03-22,low_pbr,0.013501379080328668
2022-03,2022-03-23,low_pbr,0.012104607550898816
2022-03,2022-03-24,low_pbr,0.0010369287865643617
2022-03,2022-03-25,low_pbr,-0.0063813650402734234
2022-03,2022-03-28,low_pbr,0.0063728713733213205
2022-03,2022-03-29,low_pbr,-0.0019147472911343888
2022-03,2022-03-30,low_pbr,-0.0042782555881486495
2022-03,2022-03-31,low_pbr,0.011329391679767653
2022-03,2022-04-01,low_pbr,-0.0023571848103578485
2022-03,2022-03-03,high_pbr,0.013159672075954143
2022-03,2022-03-04,high_pbr,-0.009990285561458756
2022-03,2022-03-07,high_pbr,-0.013596192004385776
2022-03,2022-03-08,high_pbr,-0.006012463073420071
2022-03,2022-03-10,high_pbr,0.023634910016340216
2022-03,2022-03-11,high_pbr,-0.0010970263745577746
2022-03,2022-03-14,high_pbr,-0.022540314719122323
2022-03,2022-03-15,high_pbr,-0.002161900590016086
2022-03,2022-03-16,high_pbr,0.018538933865744234
2022-03,2022-03-17,high_pbr,0.015126948618759517
2022-03,2022-03-18,high_pbr,0.007621262247126115
2022-03,2022-03-21,high_pbr,-0.013667140112512133
2022-03,2022-03-22,high_pbr,0.003989838816488955
2022-03,2022-03-23,high_pbr,0.008838447761106316
2022-03,2022-03-24,high_pbr,0.0014185009215852418
2022-03,2022-03-25,high_pbr,0.001250829794800401
2022-03,2022-03-28,high_pbr,-0.002486609279671037
2022-03,2022-03-29,high_pbr,-0.00032013190044122286
2022-03,2022-03-30,high_pbr,0.007580416218525343
2022-03,2022-03-31,high_pbr,0.013443047773311179
2022-03,2022-04-01,high_pbr,-0.006103059951530487
2022-03,2022-03-03,baseline,0.014250348228133536
2022-03,2022-03-04,baseline,-0.002203036866897712
2022-03,2022-03-07,baseline,-0.020593320890538336
2022-03,2022-03-08,baseline,-0.014764455283162281
2022-03,2022-03-10,baseline,0.021626143413796317
2022-03,2022-03-11,baseline,0.0068026197633146435
2022-03,2022-03-14,baseline,-0.010690613897795687
2022-03,2022-03-15,baseline,-0.008366921971987518
2022-03,2022-03-16,baseline,0.014334474099068961
2022-03,2022-03-17,baseline,0.005083956534537304
2022-03,2022-03-18,baseline,0.0070644190394459905
2022-03,2022-03-21,baseline,-0.004677586404580492
2022-03,2022-03-22,baseline,0.009142160735104099
2022-03,2022-03-23,baseline,0.007416751181008818
2022-03,2022-03-24,baseline,0.0023652142492411876
2022-03,2022-03-25,baseline,-0.0036629007358582877
2022-03,2022-03-28,baseline,0.003028649056671995
2022-03,2022-03-29,baseline,-0.0005664848925599486
2022-03,2022-03-30,baseline,0.0018759989066303717
2022-03,2022-03-31,baseline,0.009501168501095503
2022-03,2022-04-01,baseline,-0.0036834432718508836
2022-04,2022-04-04,low_pbr,0.004935788539931041
2022-04,2022-04-05,low_pbr,-0.006287463327166787
2022-04,2022-04-06,low_pbr,-0.003935867946438298
2022-04,2022-04-07,low_pbr,-0.012850688908445651
2022-04,2022-04-08,low_pbr,-0.00235445038111759
2022-04,2022-04-11,low_pbr,0.007640591504765704
2022-04,2022-04-12,low_pbr,-0.007952384967229942
2022-04,2022-04-13,low_pbr,0.013189088962850759
2022-04,2022-04-14,low_pbr,0.008256962167732862
2022-04,2022-04-15,low_pbr,-0.0014319761002761222
2022-04,2022-04-18,low_pbr,0.002035564366417386
2022-04,2022-04-19,low_pbr,0.010135793195080067
2022-04,2022-04-20,low_pbr,0.0033985615376630474
2022-04,2022-04-21,low_pbr,0.007570799861279953
2022-04,2022-04-22,low_pbr,-0.0009349417440976948
2022-04,2022-04-25,low_pbr,-0.020476819390656265
2022-04,2022-04-26,low_pbr,-0.003737755418698141
2022-04,2022-04-27,low_pbr,-0.012457471819590116
2022-04,2022-04-28,low_pbr,0.01900950365919507
2022-04,2022-04-29,low_pbr,0.001559557922975241
2022-04,2022-05-02,low_pbr,-2.0403889428366462e-05
2022-04,2022-04-04,high_pbr,0.009177094808994646
2022-04,2022-04-05,high_pbr,0.0016096417965609788
2022-04,2022-04-06,high_pbr,-0.01282036218869742
2022-04,2022-04-07,high_pbr,-0.02200947405603859
2022-04,2022-04-08,high_pbr,0.010446353093585214
2022-04,2022-04-11,high_pbr,-0.016058280059722874
2022-04,2022-04-12,high_pbr,-0.00821349694495821
2022-04,2022-04-13,high_pbr,0.02190424007478753
2022-04,2022-04-14,high_pbr,0.008143192991324266
2022-04,2022-04-15,high_pbr,-0.008908698769500623
2022-04,2022-04-18,high_pbr,-0.002341859445865846
2022-04,2022-04-19,high_pbr,0.004854002479692809
2022-04,2022-04-20,high_pbr,-0.003821099405918571
2022-04,2022-04-21,high_pbr,0.007022356036383126
2022-04,2022-04-22,high_pbr,-0.01417310862506227
2022-04,2022-04-25,high_pbr,-0.02232759066494583
2022-04,2022-04-26,high_pbr,0.012687835388534907
2022-04,2022-04-27,high_pbr,-0.0006098727476095966
2022-04,2022-04-28,high_pbr,0.004036647557529527
2022-04,2022-04-29,high_pbr,0.006300292804121366
2022-04,2022-05-02,high_pbr,-0.005035733214132643
2022-04,2022-04-04,baseline,0.0077898520338657296
2022-04,2022-04-05,baseline,-0.0011335257019149392
2022-04,2022-04-06,baseline,-0.005929154653159019
2022-04,2022-04-07,baseline,-0.014795140493788383
2022-04,2022-04-08,baseline,0.003727514980592872
2022-04,2022-04-11,baseline,0.00014009334055731237
2022-04,2022-04-12,baseline,-0.0062715878878815134
2022-04,2022-04-13,baseline,0.015554123215387516
2022-04,2022-04-14,baseline,0.005678217582226752
2022-04,2022-04-15,baseline,-0.003946774653952545
2022-04,2022-04-18,baseline,-0.00044345208125085023
2022-04,2022-04-19,baseline,0.008675331914052453
2022-04,2022-04-20,baseline,0.001067135008139486
2022-04,2022-04-21,baseline,0.006560638666247787
2022-04,2022-04-22,baseline,-0.007015918028862256
2022-04,2022-04-25,baseline,-0.019911883789172413
2022-04,2022-04-26,baseline,0.004409614284309082
2022-04,2022-04-27,baseline,-0.008040825131117701
2022-04,2022-04-28,baseline,0.013514610063807941
2022-04,2022-04-29,baseline,0.0032579593000761076
2022-04,2022-05-02,baseline,-0.000279350402421108
2022-05,2022-05-03,low_pbr,-0.00456352599968135
2022-05,2022-05-04,low_pbr,0.0029802711231361467
2022-05,2022-05-06,low_pbr,-0.008338510965443025
2022-05,2022-05-09,low_pbr,-0.015539076326584134
2022-05,2022-05-10,low_pbr,-0.00854728819577133
2022-05,2022-05-11,low_pbr,-0.0035974084004033458
2022-05,2022-05-12,low_pbr,-0.006411699345204913
2022-05,2022-05-13,low_pbr,0.022589704278799028
2022-05,2022-05-16,low_pbr,-0.0017958479798174665
2022-05,2022-05-17,low_pbr,0.005630390980895461
2022-05,2022-05-18,low_pbr,-0.010023225112178458
2022-05,2022-05-19,low_pbr,-0.018992977821370882
2022-05,2022-05-20,low_pbr,0.012868607715275981
2022-05,2022-05-23,low_pbr,0.0009000803032468419
2022-05,2022-05-24,low_pbr,-0.007705296959147456
2022-05,2022-05-25,low_pbr,0.005731728377447176
2022-05,2022-05-26,low_pbr,0.0031738604950088956
2022-05,2022-05-27,low_pbr,0.01337416323991536
2022-05,2022-05-30,low_pbr,0.010748301606999133
2022-05,2022-05-31,low_pbr,0.001552418128251798
2022-05,2022-06-02,low_pbr,-0.008664210644354187
2022-05,2022-05-03,high_pbr,-0.003448519972153008
2022-05,2022-05-04,high_pbr,-0.0028309870770542034
2022-05,2022-05-06,high_pbr,-0.006391476897265713
2022-05,2022-05-09,high_pbr,-0.01883021374783922
2022-05,2022-05-10,high_pbr,-0.010496221668296002
2022-05,2022-05-11,high_pbr,-0.0014505053312174887
2022-05,2022-05-12,high_pbr,-0.03077210884051995
2022-05,2022-05-13,high_pbr,0.020960078271697435
2022-05,2022-05-16,high_pbr,0.0050275319585666445
2022-05,2022-05-17,high_pbr,0.015015864158080205
2022-05,2022-05-18,high_pbr,-5.065753188659983e-05
2022-05,2022-05-19,high_pbr,-0.010473287630232586
2022-05,2022-05-20,high_pbr,0.02326317103420772
2022-05,2022-05-23,high_pbr,0.009882950400329271
2022-05,2022-05-24,high_pbr,-0.017857320291697953
2022-05,2022-05-25,high_pbr,0.009879967727824734
2022-05,2022-05-26,high_pbr,-0.00126199865187282
2022-05,2022-05-27,high_pbr,0.0015537606145572536
2022-05,2022-05-30,high_pbr,0.015164683522402855
2022-05,2022-05-31,high_pbr,0.008796654019379124
2022-05,2022-06-02,high_pbr,-0.010432774574474779
2022-05,2022-05-03,baseline,-0.005492070366291291
2022-05,2022-05-04,baseline,-0.001502919759649446
2022-05,2022-05-06,baseline,-0.0074683440161751324
2022-05,2022-05-09,baseline,-0.01747896272040428
2022-05,2022-05-10,baseline,-0.006323088018055145
2022-05,2022-05-11,baseline,-0.004779645409897948
2022-05,2022-05-12,baseline,-0.015047253474466893
2022-05,2022-05-13,baseline,0.0203984387914089
2022-05,2022-05-16,baseline,-0.0010549384986965338
2022-05,2022-05-17,baseline,0.006182580165698726
2022-05,2022-05-18,baseline,-0.004708777856328061
2022-05,2022-05-19,baseline,-0.016630259994830032
2022-05,2022-05-20,baseline,0.018223563817425292
2022-05,2022-05-23,baseline,0.00434462026456317
2022-05,2022-05-24,baseline,-0.01297444498489364
2022-05,2022-05-25,baseline,0.008468239350352347
2022-05,2022-05-26,baseline,0.0018582920138836556
2022-05,2022-05-27,baseline,0.010128688846535283
2022-05,2022-05-30,baseline,0.01090548290271598
2022-05,2022-05-31,baseline,0.00633158613035989
2022-05,2022-06-02,baseline,-0.009062333881982965
2022-06,2022-06-03,low_pbr,0.01168840942689453
2022-06,2022-06-07,low_pbr,-0.012591349542026342
2022-06,2022-06-08,low_pbr,0.003960294416027077
2022-06,2022-06-09,low_pbr,1.8155805163955208e-05
2022-06,2022-06-10,low_pbr,-0.0038890331870012895
2022-06,2022-06-13,low_pbr,-0.037324937787876156
2022-06,2022-06-14,low_pbr,-0.007283392257571686
2022-06,2022-06-15,low_pbr,-0.014582606217463434
2022-06,2022-06-16,low_pbr,-0.0018004647455422962
2022-06,2022-06-17,low_pbr,-0.007986428613342866
2022-06,2022-06-20,low_pbr,-0.025568078580641362
2022-06,2022-06-21,low_pbr,0.010327424047033018
2022-06,2022-06-22,low_pbr,-0.02996967410618545
2022-06,2022-06-23,low_pbr,-0.01901260004785632
2022-06,2022-06-24,low_pbr,0.02083934152038691
2022-06,2022-06-27,low_pbr,0.015846114043156945
2022-06,2022-06-28,low_pbr,0.006152824379103139
2022-06,2022-06-29,low_pbr,-0.010701086921132474
2022-06,2022-06-30,low_pbr,-0.008850574748736073
2022-06,2022-07-01,low_pbr,0.005943449349269603
2022-06,2022-06-03,high_pbr,0.005119561304290476
2022-06,2022-06-07,high_pbr,-0.017535694618720954
2022-06,2022-06-08,high_pbr,-0.00813740540430341
2022-06,2022-06-09,high_pbr,0.0022413404640622137
2022-06,2022-06-10,high_pbr,-0.014167903364873724
2022-06,2022-06-13,high_pbr,-0.04565812613606035
2022-06,2022-06-14,high_pbr,-0.012760494718216608
2022-06,2022-06-15,high_pbr,-0.03137780816131819
2022-06,2022-06-16,high_pbr,0.000759371215694582
2022-06,2022-06-17,high_pbr,-0.0007473293898605515
2022-06,2022-06-20,high_pbr,-0.022317039374013303
2022-06,2022-06-21,high_pbr,0.007960092074962954
2022-06,2022-06-22,high_pbr,-0.03353043524714039
2022-06,2022-06-23,high_pbr,-0.01838881557614247
2022-06,2022-06-24,high_pbr,0.038850703468760184
2022-06,2022-06-27,high_pbr,0.020411696055730122
2022-06,2022-06-28,high_pbr,0.005270688368294696
2022-06,2022-06-29,high_pbr,-0.005802606243715425
2022-06,2022-06-30,high_pbr,-0.01721477574274355
2022-06,2022-07-01,high_pbr,-0.018276657524323614
2022-06,2022-06-03,baseline,0.008158630836549108
2022-06,2022-06-07,baseline,-0.012451611491572034
2022-06,2022-06-08,baseline,-0.0003324207629067377
2022-06,2022-06-09,baseline,0.0021355835046914518
2022-06,2022-06-10,baseline,-0.007350442592490736
2022-06,2022-06-13,baseline,-0.039883757830511124
2022-06,2022-06-14,baseline,-0.008254566939961738
2022-06,2022-06-15,baseline,-0.021021787209526743
2022-06,2022-06-16,baseline,-0.003194582824638914
2022-06,2022-06-17,baseline,-0.0037274681123735665
2022-06,2022-06-20,baseline,-0.02259455759411977
2022-06,2022-06-21,baseline,0.012013629991941333
2022-06,2022-06-22,baseline,-0.0320377364025386
2022-06,2022-06-23,baseline,-0.018929575231603102
2022-06,2022-06-24,baseline,0.027199753526927495
2022-06,2022-06-27,baseline,0.017683849878824764
2022-06,2022-06-28,baseline,0.007568998001129756
2022-06,2022-06-29,baseline,-0.009083588944574061
2022-06,2022-06-30,baseline,-0.014026453125645655
2022-06,2022-07-01,baseline,-0.004385847182572511
2022-07,2022-07-04,low_pbr,-0.011290506179181925
2022-07,2022-07-05,low_pbr,0.0147750998775793
2022-07,2022-07-06,low_pbr,-0.03971135103248036
2022-07,2022-07-07,low_pbr,0.010347618163089933
2022-07,2022-07-08,low_pbr,0.004805297653532881
2022-07,2022-07-11,low_pbr,-0.013831022223806833
2022-07,2022-07-12,low_pbr,-0.01883971058003764
2022-07,2022-07-13,low_pbr,0.008021961035361125
2022-07,2022-07-14,low_pbr,-0.007138305521925736
2022-07,2022-07-15,low_pbr,-0.01073039493700656
2022-07,2022-07-18,low_pbr,0.024701557898544557
2022-07,2022-07-19,low_pbr,0.0022572408914427466
2022-07,2022-07-20,low_pbr,0.01570195759986137
2022-07,2022-07-21,low_pbr,0.005834856421127466
2022-07,2022-07-22,low_pbr,-0.00397488334671614
2022-07,2022-07-25,low_pbr,0.0055634289544028714
2022-07,2022-07-26,low_pbr,0.0024632407289868485
2022-07,2022-07-27,low_pbr,0.0032601442351953835
2022-07,2022-07-28,low_pbr,0.002253739486083539
2022-07,2022-07-29,low_pbr,0.017941912976952468
2022-07,2022-08-01,low_pbr,-0.0029081553882936984
2022-07,2022-07-04,high_pbr,-0.004608056233383895
2022-07,2022-07-05,high_pbr,0.033781475284100804
2022-07,2022-07-06,high_pbr,-0.014499393811306827
2022-07,2022-07-07,high_pbr,0.023615187226293965
2022-07,2022-07-08,high_pbr,-0.0003098655763699165
2022-07,2022-07-11,high_pbr,-0.002317802026303828
2022-07,2022-07-12,high_pbr,-0.014425784545060827
2022-07,2022-07-13,high_pbr,0.00978337877273261
2022-07,2022-07-14,high_pbr,-0.0020127364621456145
2022-07,2022-07-15,high_pbr,-0.006251275768371256
2022-07,2022-07-18,high_pbr,0.010059417044132157
2022-07,2022-07-19,high_pbr,0.007781636679743631
2022-07,2022-07-20,high_pbr,0.010681335470539954
2022-07,2022-07-21,high_pbr,-0.0008788610084571324
2022-07,2022-07-22,high_pbr,-0.005574256784656617
2022-07,2022-07-25,high_pbr,0.004081857460322302
2022-07,2022-07-26,high_pbr,0.0003489372226830323
2022-07,2022-07-27,high_pbr,0.003502063211134665
2022-07,2022-07-28,high_pbr,0.008551470307839981
2022-07,2022-07-29,high_pbr,0.006820093520887527
2022-07,2022-08-01,high_pbr,0.006820489561740972
2022-07,2022-07-04,baseline,-0.008894475407420832
2022-07,2022-07-05,baseline,0.0185466217586423
2022-07,2022-07-06,baseline,-0.03037465578914822
2022-07,2022-07-07,baseline,0.016429290401395846
2022-07,2022-07-08,baseline,0.003385622881650896
2022-07,2022-07-11,baseline,-0.008874765949857477
2022-07,2022-07-12,baseline,-0.016793251001097298
2022-07,2022-07-13,baseline,0.008156525945239412
2022-07,2022-07-14,baseline,-0.0030819241367782135
2022-07,2022-07-15,baseline,-0.008829933475797302
2022-07,2022-07-18,baseline,0.01787163072363307
2022-07,2022-07-19,baseline,0.005569792394000794
2022-07,2022-07-20,baseline,0.010964674269826391
2022-07,2022-07-21,baseline,0.0028748948233572325
2022-07,2022-07-22,baseline,-0.002405580508065941
2022-07,2022-07-25,baseline,0.0060509305726950124
2022-07,2022-07-26,baseline,0.0025854006487886494
2022-07,2022-07-27,baseline,0.002142868760246941
2022-07,2022-07-28,baseline,0.003922732513993443
2022-07,2022-07-29,baseline,0.01481670270882951
2022-07,2022-08-01,baseline,-4.050845363234856e-05
2022-08,2022-08-02,low_pbr,-0.011517463660894567
2022-08,2022-08-03,low_pbr,0.007877604841367347
2022-08,2022-08-04,low_pbr,-0.0020471727455931843
2022-08,2022-08-05,low_pbr,0.010560861242428388
2022-08,2022-08-08,low_pbr,0.009383083769269662
2022-08,2022-08-09,low_pbr,0.0044337697383345365
2022-08,2022-08-10,low_pbr,0.0038736478429950427
2022-08,2022-08-11,low_pbr,0.014533341725353033
2022-08,2022-08-12,low_pbr,0.007225712101137871
2022-08,2022-08-16,low_pbr,-0.007530055551048465
2022-08,2022-08-17,low_pbr,-0.0005999826811844411
2022-08,2022-08-18,low_pbr,-0.005917008066627871
2022-08,2022-08-19,low_pbr,-0.0023028125505840658
2022-08,2022-08-22,low_pbr,-0.009860460283026007
2022-08,2022-08-23,low_pbr,-0.007023975555706885
2022-08,2022-08-24,low_pbr,0.004455921960542231
2022-08,2022-08-25,low_pbr,0.014023235893765973
2022-08,2022-08-26,low_pbr,0.003064357184685562
2022-08,2022-08-29,low_pbr,-0.022516544137882066
2022-08,2022-08-30,low_pbr,0.012094172721211827
2022-08,2022-08-31,low_pbr,0.0046173262596207465
2022-08,2022-09-01,low_pbr,-0.023398490389266113
2022-08,2022-08-02,high_pbr,-0.006904787873514784
2022-08,2022-08-03,high_pbr,0.00811425478626937
2022-08,2022-08-04,high_pbr,0.009546101536946017
2022-08,2022-08-05,high_pbr,0.008865248479792864
2022-08,2022-08-08,high_pbr,0.003419473756217206
2022-08,2022-08-09,high_pbr,0.010979755148363024
2022-08,2022-08-10,high_pbr,-0.011985881885744454
2022-08,2022-08-11,high_pbr,0.017281683678364468
2022-08,2022-08-12,high_pbr,9.091501956137726e-05
2022-08,2022-08-16,high_pbr,0.0015835389295395519
2022-08,2022-08-17,high_pbr,-0.010090455565865852
2022-08,2022-08-18,high_pbr,-0.007976838060581803
2022-08,2022-08-19,high_pbr,-0.008089605170187197
2022-08,2022-08-22,high_pbr,-0.01746351751792996
2022-08,2022-08-23,high_pbr,-0.015979734923798672
2022-08,2022-08-24,high_pbr,0.015614872741220642
2022-08,2022-08-25,high_pbr,0.020856264254591528
2022-08,2022-08-26,high_pbr,-0.006557182171587073
2022-08,2022-08-29,high_pbr,-0.020295671099478274
2022-08,2022-08-30,high_pbr,0.018770687548584686
2022-08,2022-08-31,high_pbr,0.007230829914993242
2022-08,2022-09-01,high_pbr,-0.02823114590011755
2022-08,2022-08-02,baseline,-0.00782647309707829
2022-08,2022-08-03,baseline,0.008013359298064016
2022-08,2022-08-04,baseline,0.0017045676214426653
2022-08,2022-08-05,baseline,0.00998841608853529
2022-08,2022-08-08,baseline,0.00586437366199144
2022-08,2022-08-09,baseline,0.006682835978660595
2022-08,2022-08-10,baseline,-0.0051452959070806825
2022-08,2022-08-11,baseline,0.017124655414487044
2022-08,2022-08-12,baseline,0.004028374654466926
2022-08,2022-08-16,baseline,-0.0015420295278502083
2022-08,2022-08-17,baseline,-0.002883891720935061
2022-08,2022-08-18,baseline,-0.005399773673134489
2022-08,2022-08-19,baseline,-0.004398266760680336
2022-08,2022-08-22,baseline,-0.011425075603166746
2022-08,2022-08-23,baseline,-0.010662727784933268
2022-08,2022-08-24,baseline,0.01010900589157604
2022-08,2022-08-25,baseline,0.013108775902649361
2022-08,2022-08-26,baseline,0.0007120792513459762
2022-08,2022-08-29,baseline,-0.021335055569657646
2022-08,2022-08-30,baseline,0.011184541872790499
2022-08,2022-08-31,baseline,0.005846761124427946
2022-08,2022-09-01,baseline,-0.027017416858075016
2022-09,2022-09-02,low_pbr,-0.0010067715954321654
2022-09,2022-09-05,low_pbr,0.009497420940903778
2022-09,2022-09-06,low_pbr,0.003655051946462873
2022-09,2022-09-07,low_pbr,-0.018513621481312414
2022-09,2022-09-08,low_pbr,0.006558491870179761
2022-09,2022-09-13,low_pbr,0.024428988305504218
2022-09,2022-09-14,low_pbr,-0.022238476320722178
2022-09,2022-09-15,low_pbr,0.0017916904694927904
2022-09,2022-09-16,low_pbr,-0.003854923334935201
2022-09,2022-09-19,low_pbr,-0.016605550698347127
2022-09,2022-09-20,low_pbr,0.01757590337192161
2022-09,2022-09-21,low_pbr,-0.006003357282452493
2022-09,2022-09-22,low_pbr,-0.011798235380026223
2022-09,2022-09-23,low_pbr,-0.013202054200249558
2022-09,2022-09-26,low_pbr,-0.03672393444949329
2022-09,2022-09-27,low_pbr,0.0036322095948018163
2022-09,2022-09-28,low_pbr,-0.0284930695082235
2022-09,2022-09-29,low_pbr,-0.001198847690625171
2022-09,2022-09-30,low_pbr,-0.008506164548372053
2022-09,2022-10-04,low_pbr,0.02087775791381552
2022-09,2022-09-02,high_pbr,-0.0035765078933671646
2022-09,2022-09-05,high_pbr,-0.006776775741514918
2022-09,2022-09-06,high_pbr,0.009162505533484966
2022-09,2022-09-07,high_pbr,-0.015780192671912663
2022-09,2022-09-08,high_pbr,0.010923031596500765
2022-09,2022-09-13,high_pbr,0.01806037667434235
2022-09,2022-09-14,high_pbr,-0.01501650145526534
2022-09,2022-09-15,high_pbr,-0.0033510439353390264
2022-09,2022-09-16,high_pbr,-0.0106897004553691
2022-09,2022-09-19,high_pbr,-0.01971126714296767
2022-09,2022-09-20,high_pbr,0.013364660578213616
2022-09,2022-09-21,high_pbr,-0.015852963586486357
2022-09,2022-09-22,high_pbr,-0.005790885391676492
2022-09,2022-09-23,high_pbr,-0.03201774862829043
2022-09,2022-09-26,high_pbr,-0.03644547203339932
2022-09,2022-09-27,high_pbr,0.009554250626377048
2022-09,2022-09-28,high_pbr,-0.024011965297930704
2022-09,2022-09-29,high_pbr,0.00013702882184696286
2022-09,2022-09-30,high_pbr,-0.016785674323752664
2022-09,2022-10-04,high_pbr,0.016511803399211544
2022-09,2022-09-02,baseline,-0.002422317479919389
2022-09,2022-09-05,baseline,0.000678583163347346
2022-09,2022-09-06,baseline,0.004537861239622298
2022-09,2022-09-07,baseline,-0.01693015702277556
2022-09,2022-09-08,baseline,0.006392200912037405
2022-09,2022-09-13,baseline,0.019260552624380978
2022-09,2022-09-14,baseline,-0.017080237990151903
2022-09,2022-09-15,baseline,-0.00020380087083693432
2022-09,2022-09-16,baseline,-0.009458234436312996
2022-09,2022-09-19,baseline,-0.014689115308305412
2022-09,2022-09-20,baseline,0.013568912433473912
2022-09,2022-09-21,baseline,-0.007175457114638739
2022-09,2022-09-22,baseline,-0.005797591721836248
2022-09,2022-09-23,baseline,-0.022981660409027493
2022-09,2022-09-26,baseline,-0.03631357036563676
2022-09,2022-09-27,baseline,0.005311319939699244
2022-09,2022-09-28,baseline,-0.026578807990373154
2022-09,2022-09-29,baseline,-0.0013652596392473848
2022-09,2022-09-30,baseline,-0.012678114675669816
2022-09,2022-10-04,baseline,0.02224500958082265
2022-10,2022-10-05,low_pbr,-0.007245221637929622
2022-10,2022-10-06,low_pbr,0.013073819584567659
2022-10,2022-10-07,low_pbr,0.0031240384850421687
2022-10,2022-10-11,low_pbr,-0.02542430079178193
2022-10,2022-10-12,low_pbr,0.010582048901168983
2022-10,2022-10-13,low_pbr,-0.022824343398432645
2022-10,2022-10-14,low_pbr,0.030041034216818918
2022-10,2022-10-17,low_pbr,0.0010161571027520466
2022-10,2022-10-18,low_pbr,0.02265256443550534
2022-10,2022-10-19,low_pbr,-0.010021376166801876
2022-10,2022-10-20,low_pbr,-0.007215869242085171
2022-10,2022-10-21,low_pbr,-0.012832647544290476
2022-10,2022-10-24,low_pbr,0.006353927601741027
2022-10,2022-10-25,low_pbr,-0.011234965833826771
2022-10,2022-10-26,low_pbr,-0.00976640307074661
2022-10,2022-10-27,low_pbr,0.030010704742352123
2022-10,2022-10-28,low_pbr,-0.003018360660133501
2022-10,2022-10-31,low_pbr,-0.004433726049482667
2022-10,2022-11-01,low_pbr,0.01692646394922992
2022-10,2022-10-05,high_pbr,-0.011570304548606747
2022-10,2022-10-06,high_pbr,0.014171467332054766
2022-10,2022-10-07,high_pbr,-0.011618034557470125
2022-10,2022-10-11,high_pbr,-0.03416804236742643
2022-10,2022-10-12,high_pbr,0.002949569366222038
2022-10,2022-10-13,high_pbr,-0.031339648306721535
2022-10,2022-10-14,high_pbr,0.03786150957928891
2022-10,2022-10-17,high_pbr,0.0006720218760574159
2022-10,2022-10-18,high_pbr,0.02387127617249818
2022-10,2022-10-19,high_pbr,-0.005630695998443791
2022-10,2022-10-20,high_pbr,-0.006092138239397804
2022-10,2022-10-21,high_pbr,-0.0037920386047144428
2022-10,2022-10-24,high_pbr,0.01156980857119172
2022-10,2022-10-25,high_pbr,-0.005905673371049414
2022-10,2022-10-26,high_pbr,-0.004962335311985422
2022-10,2022-10-27,high_pbr,0.025201090811048932
2022-10,2022-10-28,high_pbr,0.0001468286769066296
2022-10,2022-10-31,high_pbr,0.003756385380246474
2022-10,2022-11-01,high_pbr,0.020754577801627594
2022-10,2022-10-05,baseline,-0.009672208952988481
2022-10,2022-10-06,baseline,0.011603133342378946
2022-10,2022-10-07,baseline,-0.003626283798879082
2022-10,2022-10-11,baseline,-0.031109817511392635
2022-10,2022-10-12,baseline,0.006645913859361974
2022-10,2022-10-13,baseline,-0.02617299361831671
2022-10,2022-10-14,baseline,0.03253095557081531
2022-10,2022-10-17,baseline,0.00017366705769816804
2022-10,2022-10-18,baseline,0.02293661472606323
2022-10,2022-10-19,baseline,-0.0073911811515863235
2022-10,2022-10-20,baseline,-0.0062362002747993195
2022-10,2022-10-21,baseline,-0.010030262676151036
2022-10,2022-10-24,baseline,0.006200749948458428
2022-10,2022-10-25,baseline,-0.00837099393000762
2022-10,2022-10-26,baseline,-0.0050490395708907565
2022-10,2022-10-27,baseline,0.02609195631673522
2022-10,2022-10-28,baseline,0.002467829951271705
2022-10,2022-10-31,baseline,0.000518553676819522
2022-10,2022-11-01,baseline,0.017983344208185592
2022-11,2022-11-02,low_pbr,0.0003480165361020582
2022-11,2022-11-03,low_pbr,-0.010176997128780618
2022-11,2022-11-04,low_pbr,0.010916452616648531
2022-11,2022-11-07,low_pbr,0.019170982544217896
2022-11,2022-11-08,low_pbr,0.010442902245005214
2022-11,2022-11-09,low_pbr,0.015113708072547638
2022-11,2022-11-10,low_pbr,-0.0062776525748109435
2022-11,2022-11-11,low_pbr,0.018077935413371993
2022-11,2022-11-14,low_pbr,0.014552090712363519
2022-11,2022-11-15,low_pbr,0.008045129760952063
2022-11,2022-11-16,low_pbr,-0.0036589626465430847
2022-11,2022-11-17,low_pbr,-0.01313727120880559
2022-11,2022-11-18,low_pbr,-0.0009026185065439396
2022-11,2022-11-21,low_pbr,-0.005726729779337969
2022-11,2022-11-22,low_pbr,0.01152845414581427
2022-11,2022-11-23,low_pbr,0.010793181281951503
2022-11,2022-11-24,low_pbr,0.00588415130960751
2022-11,2022-11-25,low_pbr,0.0010565499128980527
2022-11,2022-11-28,low_pbr,-0.008494368019399623
2022-11,2022-11-29,low_pbr,0.012435835086374691
2022-11,2022-11-30,low_pbr,0.010788850353240731
2022-11,2022-12-01,low_pbr,0.006775096039253414
2022-11,2022-11-02,high_pbr,0.0003098588681613723
2022-11,2022-11-03,high_pbr,-0.001774624090545851
2022-11,2022-11-04,high_pbr,0.015663901460635454
2022-11,2022-11-07,high_pbr,0.00400838645734769
2022-11,2022-11-08,high_pbr,0.011935316159979337
2022-11,2022-11-09,high_pbr,0.013223587504725742
2022-11,2022-11-10,high_pbr,-0.0049861634865058235
2022-11,2022-11-11,high_pbr,0.04956411256352067
2022-11,2022-11-14,high_pbr,0.006758100829649116
2022-11,2022-11-15,high_pbr,0.014655503751922039
2022-11,2022-11-16,high_pbr,-0.0015687455715467369
2022-11,2022-11-17,high_pbr,-0.010076429577423718
2022-11,2022-11-18,high_pbr,-0.00608359451577789
2022-11,2022-11-21,high_pbr,-0.02026670913375872
2022-11,2022-11-22,high_pbr,-0.0053258008138346025
2022-11,2022-11-23,high_pbr,0.0005527486579708363
2022-11,2022-11-24,high_pbr,0.013970725813975182
2022-11,2022-11-25,high_pbr,-0.008183790173442174
2022-11,2022-11-28,high_pbr,-0.01749896261874595
2022-11,2022-11-29,high_pbr,0.012720764295243825
2022-11,2022-11-30,high_pbr,0.009022056081457341
2022-11,2022-12-01,high_pbr,0.01030536159621076
2022-11,2022-11-02,baseline,0.004402707611683709
2022-11,2022-11-03,baseline,-0.008561263846073808
2022-11,2022-11-04,baseline,0.01588662635238336
2022-11,2022-11-07,baseline,0.01010074184717058
2022-11,2022-11-08,baseline,0.009300355491763002
2022-11,2022-11-09,baseline,0.011898860124490263
2022-11,2022-11-10,baseline,-0.006069404648464394
2022-11,2022-11-11,baseline,0.03170670734156511
2022-11,2022-11-14,baseline,0.008464980796190735
2022-11,2022-11-15,baseline,0.008845293146326982
2022-11,2022-11-16,baseline,-0.002450514542818416
2022-11,2022-11-17,baseline,-0.010183417748153123
2022-11,2022-11-18,baseline,-0.0030929662702219307
2022-11,2022-11-21,baseline,-0.009914447337523558
2022-11,2022-11-22,baseline,-0.002092933897857474
2022-11,2022-11-23,baseline,0.0083400518623995
2022-11,2022-11-24,baseline,0.0068826013095824035
2022-11,2022-11-25,baseline,-0.00046528757904396034
2022-11,2022-11-28,baseline,-0.010889358369311153
2022-11,2022-11-29,baseline,0.01371041717788457
2022-11,2022-11-30,baseline,0.006605233196043558
2022-11,2022-12-01,baseline,0.006562257371921287
2022-12,2022-12-02,low_pbr,-0.01336499287460291
2022-12,2022-12-05,low_pbr,0.006012834949860046
2022-12,2022-12-06,low_pbr,-0.012977071269483553
2022-12,2022-12-07,low_pbr,0.004062523004043639
2022-12,2022-12-08,low_pbr,-0.007733119226404628
2022-12,2022-12-09,low_pbr,0.020146499952672814
2022-12,2022-12-12,low_pbr,-0.006178763731076065
2022-12,2022-12-13,low_pbr,-0.0021211374103716762
2022-12,2022-12-14,low_pbr,0.0023198029181126234
2022-12,2022-12-15,low_pbr,-0.009669235653469221
2022-12,2022-12-16,low_pbr,-0.001395024796432498
2022-12,2022-12-19,low_pbr,-0.0008183203965245189
2022-12,2022-12-20,low_pbr,-0.005962602413942308
2022-12,2022-12-21,low_pbr,0.006171412930467968
2022-12,2022-12-22,low_pbr,0.01867285883053893
2022-12,2022-12-23,low_pbr,-0.008624725864409988
2022-12,2022-12-26,low_pbr,0.0057859370570712
2022-12,2022-12-27,low_pbr,0.00716578855171579
2022-12,2022-12-28,low_pbr,-0.023117185495461157
2022-12,2022-12-29,low_pbr,-0.028320780551340685
2022-12,2023-01-02,low_pbr,-0.027580582548695665
2022-12,2022-12-02,high_pbr,-0.0123786817824183
2022-12,2022-12-05,high_pbr,0.005438012360393429
2022-12,2022-12-06,high_pbr,-0.007381673103748376
2022-12,2022-12-07,high_pbr,-0.0004581717412305286
2022-12,2022-12-08,high_pbr,-0.005645517028814218
2022-12,2022-12-09,high_pbr,0.005478215114614882
2022-12,2022-12-12,high_pbr,-0.005443266202785901
2022-12,2022-12-13,high_pbr,0.008586573483885251
2022-12,2022-12-14,high_pbr,0.013636754864958078
2022-12,2022-12-15,high_pbr,-0.013517934046695657
2022-12,2022-12-16,high_pbr,-0.0013656286811767337
2022-12,2022-12-19,high_pbr,-0.0030549783664949315
2022-12,2022-12-20,high_pbr,-0.010417550787135355
2022-12,2022-12-21,high_pbr,0.006476536684131284
2022-12,2022-12-22,high_pbr,0.010098115823506504
2022-12,2022-12-23,high_pbr,-0.024188613511690438
2022-12,2022-12-26,high_pbr,0.003728957975598579
2022-12,2022-12-27,high_pbr,0.015247411122414123
2022-12,2022-12-28,high_pbr,-0.004868729260523064
2022-12,2022-12-29,high_pbr,-0.016844996305017124
2022-12,2023-01-02,high_pbr,-0.010453528504886567
2022-12,2022-12-02,baseline,-0.013731402112755808
2022-12,2022-12-05,baseline,0.0006922091138348296
2022-12,2022-12-06,baseline,-0.011531979565564732
2022-12,2022-12-07,baseline,-0.00119853715623075
2022-12,2022-12-08,baseline,-0.0024816496974037205
2022-12,2022-12-09,baseline,0.012284985839266405
2022-12,2022-12-12,baseline,-0.005263982633340825
2022-12,2022-12-13,baseline,0.0027118804698733623
2022-12,2022-12-14,baseline,0.00867821164741267
2022-12,2022-12-15,baseline,-0.011625415672708694
2022-12,2022-12-16,baseline,-0.002537731429188894
2022-12,2022-12-19,baseline,-0.0018738686961448092
2022-12,2022-12-20,baseline,-0.007493262042959192
2022-12,2022-12-21,baseline,0.006633325240705368
2022-12,2022-12-22,baseline,0.013996243746807968
2022-12,2022-12-23,baseline,-0.016172704676446714
2022-12,2022-12-26,baseline,0.0021648690426916417
2022-12,2022-12-27,baseline,0.010929299235872936
2022-12,2022-12-28,baseline,-0.018042504848669316
2022-12,2022-12-29,baseline,-0.022486823977418524
2022-12,2023-01-02,baseline,-0.02008200705304175
2023-01,2023-01-03,low_pbr,0.00032335681876571876
2023-01,2023-01-04,low_pbr,0.013609745628392345
2023-01,2023-01-05,low_pbr,0.0130577471572344
2023-01,2023-01-06,low_pbr,0.014479094190828823
2023-01,2023-01-09,low_pbr,0.023534121768697736
2023-01,2023-01-10,low_pbr,0.0010480761673130612
2023-01,2023-01-11,low_pbr,-0.0009430743464046154
2023-01,2023-01-12,low_pbr,-0.0012647036579013227
2023-01,2023-01-13,low_pbr,0.015148417606414277
2023-01,2023-01-16,low_pbr,0.00776916507649128
2023-01,2023-01-17,low_pbr,-0.004835108739025706
2023-01,2023-01-18,low_pbr,-0.0010207137048928727
2023-01,2023-01-19,low_pbr,0.0032253669939350527
2023-01,2023-01-20,low_pbr,0.006225094387191099
2023-01,2023-01-25,low_pbr,-0.0021041456992015872
2023-01,2023-01-26,low_pbr,0.006327402719173314
2023-01,2023-01-27,low_pbr,0.009410755702602192
2023-01,2023-01-30,low_pbr,-0.016068091340291413
2023-01,2023-01-31,low_pbr,0.00039054368362823055
2023-01,2023-02-01,low_pbr,0.002963295430382429
2023-01,2023-01-03,high_pbr,-0.006384699611375222
2023-01,2023-01-04,high_pbr,0.001646508152103765
2023-01,2023-01-05,high_pbr,0.0018126754719589577
2023-01,2023-01-06,high_pbr,0.003229318378566548
2023-01,2023-01-09,high_pbr,0.025189619913175365
2023-01,2023-01-10,high_pbr,0.0011105566612021889
2023-01,2023-01-11,high_pbr,0.009123040018770512
2023-01,2023-01-12,high_pbr,0.005770322217049095
2023-01,2023-01-13,high_pbr,0.004350237804383594
2023-01,2023-01-16,high_pbr,0.009122156586456098
2023-01,2023-01-17,high_pbr,-0.009188014089776986
2023-01,2023-01-18,high_pbr,0.0011464467281390167
2023-01,2023-01-19,high_pbr,0.0016231759363629639
2023-01,2023-01-20,high_pbr,0.0037472825479389904
2023-01,2023-01-25,high_pbr,0.008412018479480476
2023-01,2023-01-26,high_pbr,0.010427749496636496
2023-01,2023-01-27,high_pbr,0.00263765117571646
2023-01,2023-01-30,high_pbr,-0.007177756925697776
2023-01,2023-01-31,high_pbr,0.0006843905998707989
2023-01,2023-02-01,high_pbr,0.00706811147237274
2023-01,2023-01-03,baseline,-0.004522843939842036
2023-01,2023-01-04,baseline,0.006844855227643665
2023-01,2023-01-05,baseline,0.005032700263283951
2023-01,2023-01-06,baseline,0.008784176543278122
2023-01,2023-01-09,baseline,0.026878076127673234
2023-01,2023-01-10,baseline,0.0015065938665843603
2023-01,2023-01-11,baseline,0.003448982829895586
2023-01,2023-01-12,baseline,0.0023703537205632674
2023-01,2023-01-13,baseline,0.009632956108827306
2023-01,2023-01-16,baseline,0.006899035698055167
2023-01,2023-01-17,baseline,-0.004106509978908601
2023-01,2023-01-18,baseline,-0.0016160357013643711
2023-01,2023-01-19,baseline,0.0032122642496827947
2023-01,2023-01-20,baseline,0.00415048779287952
2023-01,2023-01-25,baseline,0.003071951246679472
2023-01,2023-01-26,baseline,0.009699455438918037
2023-01,2023-01-27,baseline,0.006687828022583053
2023-01,2023-01-30,baseline,-0.013799660620925303
2023-01,2023-01-31,baseline,0.00263431062697439
2023-01,2023-02-01,baseline,0.0036886201838250976
2023-02,2023-02-02,low_pbr,-0.009437648143667321
2023-02,2023-02-03,low_pbr,0.005265422112677998
2023-02,2023-02-06,low_pbr,-0.011293325353301742
2023-02,2023-02-07,low_pbr,-0.0072421821732808755
2023-02,2023-02-08,low_pbr,0.011522057993963886
2023-02,2023-02-09,low_pbr,-0.00862179479253311
2023-02,2023-02-10,low_pbr,0.002590421445229474
2023-02,2023-02-13,low_pbr,0.003797339266171651
2023-02,2023-02-14,low_pbr,0.0021011703278774885
2023-02,2023-02-15,low_pbr,-0.014361426416823253
2023-02,2023-02-16,low_pbr,0.012340745060289482
2023-02,2023-02-17,low_pbr,0.003414111086410321
2023-02,2023-02-20,low_pbr,0.008840645586229323
2023-02,2023-02-21,low_pbr,0.013500234511607534
2023-02,2023-02-22,low_pbr,-0.012969297116457112
2023-02,2023-02-23,low_pbr,0.008763363161141235
2023-02,2023-02-24,low_pbr,-0.008961929042000438
2023-02,2023-02-27,low_pbr,-0.012453404044424299
2023-02,2023-02-28,low_pbr,-0.0015453707552980367
2023-02,2023-03-02,low_pbr,0.00990684775657158
2023-02,2023-02-02,high_pbr,0.00685631947962051
2023-02,2023-02-03,high_pbr,0.004845378439072068
2023-02,2023-02-06,high_pbr,-0.011513066249572379
2023-02,2023-02-07,high_pbr,0.004299279500652009
2023-02,2023-02-08,high_pbr,0.0022390066638904305
2023-02,2023-02-09,high_pbr,0.008839830452956665
2023-02,2023-02-10,high_pbr,-0.011168196747902481
2023-02,2023-02-13,high_pbr,-0.010196222365066232
2023-02,2023-02-14,high_pbr,0.007908285121062786
2023-02,2023-02-15,high_pbr,-0.019806262181758738
2023-02,2023-02-16,high_pbr,0.02137350495643231
2023-02,2023-02-17,high_pbr,-0.014809995393464837
2023-02,2023-02-20,high_pbr,0.0069198564518284655
2023-02,2023-02-21,high_pbr,0.0005000899050295882
2023-02,2023-02-22,high_pbr,-0.020447697951697763
2023-02,2023-02-23,high_pbr,0.008259615808701604
2023-02,2023-02-24,high_pbr,-0.007730824396602776
2023-02,2023-02-27,high_pbr,-0.009925781197187677
2023-02,2023-02-28,high_pbr,0.015039270796771032
2023-02,2023-03-02,high_pbr,0.0011605834979671048
2023-02,2023-02-02,baseline,0.0008746039902733926
2023-02,2023-02-03,baseline,0.004497971077048968
2023-02,2023-02-06,baseline,-0.010150050631830165
2023-02,2023-02-07,baseline,-0.0007247219786928882
2023-02,2023-02-08,baseline,0.008753099866378511
2023-02,2023-02-09,baseline,-0.0026828908160604348
2023-02,2023-02-10,baseline,-0.0035332784344815904
2023-02,2023-02-13,baseline,-0.004143460002772215
2023-02,2023-02-14,baseline,0.0038333592642254555
2023-02,2023-02-15,baseline,-0.017482622501404754
2023-02,2023-02-16,baseline,0.01714516960963275
2023-02,2023-02-17,baseline,-0.002179969376371438
2023-02,2023-02-20,baseline,0.007739066444868659
2023-02,2023-02-21,baseline,0.005524908304656462
2023-02,2023-02-22,baseline,-0.016934208682349294
2023-02,2023-02-23,baseline,0.008829577437492464
2023-02,2023-02-24,baseline,-0.006227203422034644
2023-02,2023-02-27,baseline,-0.010249535117295872
2023-02,2023-02-28,baseline,0.0017452790731073975
2023-02,2023-03-02,baseline,0.008280227949866159
2023-03,2023-03-03,low_pbr,-0.0027816317832243254
2023-03,2023-03-06,low_pbr,-0.006892000282990085
2023-03,2023-03-07,low_pbr,0.0003102965753700726
2023-03,2023-03-08,low_pbr,-0.013491678305523114
2023-03,2023-03-09,low_pbr,0.006057102456414443
2023-03,2023-03-10,low_pbr,-0.013944035103075403
2023-03,2023-03-13,low_pbr,-0.0024877359125160536
2023-03,2023-03-14,low_pbr,-0.02941973680903509
2023-03,2023-03-15,low_pbr,0.00957083411323878
2023-03,2023-03-16,low_pbr,-0.015612865888636862
2023-03,2023-03-17,low_pbr,0.006620761389822372
2023-03,2023-03-20,low_pbr,-0.0014138748822112301
2023-03,2023-03-21,low_pbr,0.006326576954213126
2023-03,2023-03-22,low_pbr,-0.0018512468260099002
2023-03,2023-03-23,low_pbr,-0.003949826110365207
2023-03,2023-03-24,low_pbr,-0.005976433838750683
2023-03,2023-03-27,low_pbr,0.0013642459696872056
2023-03,2023-03-28,low_pbr,0.015199526598440816
2023-03,2023-03-29,low_pbr,0.001852475010555299
2023-03,2023-03-30,low_pbr,0.008277261628420796
2023-03,2023-03-31,low_pbr,0.007811398728638785
2023-03,2023-04-03,low_pbr,0.0035685047258675606
2023-03,2023-03-03,high_pbr,0.009654840796242459
2023-03,2023-03-06,high_pbr,0.009368911999964924
2023-03,2023-03-07,high_pbr,0.005009966899536256
2023-03,2023-03-08,high_pbr,-0.016644412633793904
2023-03,2023-03-09,high_pbr,0.0031732433268039095
2023-03,2023-03-10,high_pbr,-0.020703005445286804
2023-03,2023-03-13,high_pbr,0.0023031681169629614
2023-03,2023-03-14,high_pbr,-0.028985752462409642
2023-03,2023-03-15,high_pbr,0.017160177620430872
2023-03,2023-03-16,high_pbr,-0.002129435868286622
2023-03,2023-03-17,high_pbr,0.012241825196376066
2023-03,2023-03-20,high_pbr,0.0025396418528851328
2023-03,2023-03-21,high_pbr,0.006449793213421318
2023-03,2023-03-22,high_pbr,0.0015909932842819163
2023-03,2023-03-23,high_pbr,-0.003106963622447112
2023-03,2023-03-24,high_pbr,-0.0019327142380027862
2023-03,2023-03-27,high_pbr,0.000972904616294068
2023-03,2023-03-28,high_pbr,0.008019980867486565
2023-03,2023-03-29,high_pbr,0.012405389655398169
2023-03,2023-03-30,high_pbr,0.005353019220324162
2023-03,2023-03-31,high_pbr,0.00856056197155941
2023-03,2023-04-03,high_pbr,0.000688014006366755
2023-03,2023-03-03,baseline,0.002856018295776419
2023-03,2023-03-06,baseline,0.001671295313563137
2023-03,2023-03-07,baseline,8.664935931879114e-06
2023-03,2023-03-08,baseline,-0.013474751092464543
2023-03,2023-03-09,baseline,0.002597833964605778
2023-03,2023-03-10,baseline,-0.01695196009892941
2023-03,2023-03-13,baseline,0.000516519308973562
2023-03,2023-03-14,baseline,-0.028501903398665984
2023-03,2023-03-15,baseline,0.012845191359996955
2023-03,2023-03-16,baseline,-0.00924012755233794
2023-03,2023-03-17,baseline,0.008554449583368928
2023-03,2023-03-20,baseline,-0.0005494928704858904
2023-03,2023-03-21,baseline,0.007200747810981456
2023-03,2023-03-22,baseline,-2.9428716088131246e-05
2023-03,2023-03-23,baseline,-0.0035075746263056873
2023-03,2023-03-24,baseline,-0.004209132760436107
2023-03,2023-03-27,baseline,0.001532750054854315
2023-03,2023-03-28,baseline,0.013678669543102373
2023-03,2023-03-29,baseline,0.007115096904591001
2023-03,2023-03-30,baseline,0.005603411069780462
2023-03,2023-03-31,baseline,0.01203961399016018
2023-03,2023-04-03,baseline,-0.0021248791426889957
2023-04,2023-04-04,low_pbr,0.005119451745532855
2023-04,2023-04-05,low_pbr,-0.004244779932354947
2023-04,2023-04-06,low_pbr,-0.013148515729310528
2023-04,2023-04-07,low_pbr,0.005827378068019584
2023-04,2023-04-10,low_pbr,-0.008171543331021103
2023-04,2023-04-11,low_pbr,0.016082240925072266
2023-04,2023-04-12,low_pbr,0.009431056953543404
2023-04,2023-04-13,low_pbr,0.003898104639944666
2023-04,2023-04-14,low_pbr,0.00713859692738561
2023-04,2023-04-17,low_pbr,0.002945729126965002
2023-04,2023-04-18,low_pbr,-0.0017266736729054655
2023-04,2023-04-19,low_pbr,0.00810565368206806
2023-04,2023-04-20,low_pbr,-0.002721415373273972
2023-04,2023-04-21,low_pbr,-0.004635380146742474
2023-04,2023-04-24,low_pbr,-0.01009078734510127
2023-04,2023-04-25,low_pbr,-0.005071505110310737
2023-04,2023-04-26,low_pbr,-0.006818364205895211
2023-04,2023-04-27,low_pbr,-0.00544018722114159
2023-04,2023-04-28,low_pbr,0.008981031666021488
2023-04,2023-05-02,low_pbr,0.009745966378616355
2023-04,2023-04-04,high_pbr,0.013689777560126126
2023-04,2023-04-05,high_pbr,0.0067261783853740376
2023-04,2023-04-06,high_pbr,-0.009710584434218683
2023-04,2023-04-07,high_pbr,0.007179493388830727
2023-04,2023-04-10,high_pbr,0.0007524027815835055
2023-04,2023-04-11,high_pbr,0.01888766137597453
2023-04,2023-04-12,high_pbr,0.002656252190129438
2023-04,2023-04-13,high_pbr,0.010187014165769837
2023-04,2023-04-14,high_pbr,0.013195397880381599
2023-04,2023-04-17,high_pbr,0.0007662391391722867
2023-04,2023-04-18,high_pbr,-0.005093424801148938
2023-04,2023-04-19,high_pbr,0.001667097976374654
2023-04,2023-04-20,high_pbr,-0.010604888772302257
2023-04,2023-04-21,high_pbr,-0.017914421712048156
2023-04,2023-04-24,high_pbr,-0.004794242631537382
2023-04,2023-04-25,high_pbr,-0.013736414979844458
2023-04,2023-04-26,high_pbr,-0.0047189056066551105
2023-04,2023-04-27,high_pbr,-0.0008087517779872266
2023-04,2023-04-28,high_pbr,0.003379962603022202
2023-04,2023-05-02,high_pbr,0.011208912920555258
2023-04,2023-04-04,baseline,0.01133196820076754
2023-04,2023-04-05,baseline,-0.00026754015178320767
2023-04,2023-04-06,baseline,-0.010737662421640093
2023-04,2023-04-07,baseline,0.003927146031090123
2023-04,2023-04-10,baseline,-0.0012667901126092174
2023-04,2023-04-11,baseline,0.014896995213773412
2023-04,2023-04-12,baseline,0.008732374302514723
2023-04,2023-04-13,baseline,0.0066858712561397304
2023-04,2023-04-14,baseline,0.0077732639338745635
2023-04,2023-04-17,baseline,0.0029298355720879243
2023-04,2023-04-18,baseline,-0.002262006474468281
2023-04,2023-04-19,baseline,0.0055413584581291975
2023-04,2023-04-20,baseline,-0.005938160250941071
2023-04,2023-04-21,baseline,-0.010716840768492442
2023-04,2023-04-24,baseline,-0.0061291820080630055
2023-04,2023-04-25,baseline,-0.007597090319348743
2023-04,2023-04-26,baseline,-0.005934617582100565
2023-04,2023-04-27,baseline,-0.004172847590332873
2023-04,2023-04-28,baseline,0.0018280136925217239
2023-04,2023-05-02,baseline,0.010785515886502672
2023-05,2023-05-03,low_pbr,-0.01241314024903295
2023-05,2023-05-04,low_pbr,0.0006173669804241388
2023-05,2023-05-08,low_pbr,0.014710480442737373
2023-05,2023-05-09,low_pbr,0.0012708823371645472
2023-05,2023-05-10,low_pbr,-0.0052165496841937165
2023-05,2023-05-11,low_pbr,0.0029986347828010462
2023-05,2023-05-12,low_pbr,-0.010177982006358888
2023-05,2023-05-15,low_pbr,-0.0008227349999277989
2023-05,2023-05-16,low_pbr,-0.010476872075596999
2023-05,2023-05-17,low_pbr,-0.002553086254323933
2023-05,2023-05-18,low_pbr,0.010707410548086216
2023-05,2023-05-19,low_pbr,0.004349306942739606
2023-05,2023-05-22,low_pbr,0.011239335245330162
2023-05,2023-05-23,low_pbr,0.0007782213817453254
2023-05,2023-05-24,low_pbr,-0.0007174039672761534
2023-05,2023-05-25,low_pbr,-0.010981292560316436
2023-05,2023-05-26,low_pbr,-0.008579893796842653
2023-05,2023-05-30,low_pbr,-0.0021988510281718554
2023-05,2023-05-31,low_pbr,-0.004975080051524139
2023-05,2023-06-01,low_pbr,-0.0016754877308436944
2023-05,2023-05-03,high_pbr,-0.012396992231981763
2023-05,2023-05-04,high_pbr,0.013332494608569778
2023-05,2023-05-08,high_pbr,-0.00544059316337675
2023-05,2023-05-09,high_pbr,-0.0018103912189828542
2023-05,2023-05-10,high_pbr,-0.007348630291442948
2023-05,2023-05-11,high_pbr,-0.0027483709302905668
2023-05,2023-05-12,high_pbr,-0.003582992539851837
2023-05,2023-05-15,high_pbr,0.0024980212617153885
2023-05,2023-05-16,high_pbr,-0.0018603637306143783
2023-05,2023-05-17,high_pbr,0.010275770560956632
2023-05,2023-05-18,high_pbr,-0.0037004403995296586
2023-05,2023-05-19,high_pbr,0.009267014407535523
2023-05,2023-05-22,high_pbr,0.007534829114957287
2023-05,2023-05-23,high_pbr,0.009054417779583268
2023-05,2023-05-24,high_pbr,-0.003881978566310118
2023-05,2023-05-25,high_pbr,-0.015917909284834164
2023-05,2023-05-26,high_pbr,-0.006720446936608893
2023-05,2023-05-30,high_pbr,0.008242353819966741
2023-05,2023-05-31,high_pbr,-0.0014571251090549353
2023-05,2023-06-01,high_pbr,0.00014803084732939453
2023-05,2023-05-03,baseline,-0.00928169036349591
2023-05,2023-05-04,baseline,0.003408136495872016
2023-05,2023-05-08,baseline,0.00782410032082681
2023-05,2023-05-09,baseline,-0.0020477205770887963
2023-05,2023-05-10,baseline,-0.0041790934533463275
2023-05,2023-05-11,baseline,0.0025567348256940736
2023-05,2023-05-12,baseline,-0.00884639622598793
2023-05,2023-05-15,baseline,0.001033046738053267
2023-05,2023-05-16,baseline,-0.00576774765789434
2023-05,2023-05-17,baseline,0.0026937124789756517
2023-05,2023-05-18,baseline,0.005887724613164558
2023-05,2023-05-19,baseline,0.004661143411203161
2023-05,2023-05-22,baseline,0.010157167914661036
2023-05,2023-05-23,baseline,0.0028491014153959604
2023-05,2023-05-24,baseline,-0.0019238105560017704
2023-05,2023-05-25,baseline,-0.011399585913076216
2023-05,2023-05-26,baseline,-0.007323887486181735
2023-05,2023-05-30,baseline,0.0026416919809164607
2023-05,2023-05-31,baseline,-0.004297004557806794
2023-05,2023-06-01,baseline,-0.001099507646770359
2023-06,2023-06-02,low_pbr,0.006053781472683539
2023-06,2023-06-05,low_pbr,0.013187878047547397
2023-06,2023-06-07,low_pbr,0.00237682714676124
2023-06,2023-06-08,low_pbr,0.010049151762842934
2023-06,2023-06-09,low_pbr,-0.0019406124678643666
2023-06,2023-06-12,low_pbr,-0.004303725309355522
2023-06,2023-06-13,low_pbr,-0.000866756401599611
2023-06,2023-06-14,low_pbr,-0.002341629312237803
2023-06,2023-06-15,low_pbr,-0.012644507505301106
2023-06,2023-06-16,low_pbr,0.014609518431890622
2023-06,2023-06-19,low_pbr,0.01068372392491046
2023-06,2023-06-20,low_pbr,0.004324818747481363
2023-06,2023-06-21,low_pbr,-0.010024514006941265
2023-06,2023-06-22,low_pbr,-0.007084692428808048
2023-06,2023-06-23,low_pbr,-0.021315066100485502
2023-06,2023-06-26,low_pbr,0.0016710853726089603
2023-06,2023-06-27,low_pbr,0.016119326016964086
2023-06,2023-06-28,low_pbr,-0.004017691542601454
2023-06,2023-06-29,low_pbr,-0.016571511365257252
2023-06,2023-06-30,low_pbr,0.01207915403226334
2023-06,2023-07-03,low_pbr,0.007473868526213012
2023-06,2023-06-02,high_pbr,0.012250022932839277
2023-06,2023-06-05,high_pbr,0.004152721390516589
2023-06,2023-06-07,high_pbr,0.0018566921628271338
2023-06,2023-06-08,high_pbr,-0.0065411399056571895
2023-06,2023-06-09,high_pbr,0.008024733815360063
2023-06,2023-06-12,high_pbr,0.0003223843619166722
2023-06,2023-06-13,high_pbr,-0.0020972867514784665
2023-06,2023-06-14,high_pbr,-0.010625920276659429
2023-06,2023-06-15,high_pbr,-0.004371201504869249
2023-06,2023-06-16,high_pbr,0.016414176528320334
2023-06,2023-06-19,high_pbr,-0.0007760244157274387
2023-06,2023-06-20,high_pbr,0.0003290563583766559
2023-06,2023-06-21,high_pbr,-0.007174299288624897
2023-06,2023-06-22,high_pbr,5.365346643326774e-05
2023-06,2023-06-23,high_pbr,-0.013047231415672322
2023-06,2023-06-26,high_pbr,-0.002988939990428374
2023-06,2023-06-27,high_pbr,-0.0062430140591183125
2023-06,2023-06-28,high_pbr,-0.008299914895486205
2023-06,2023-06-29,high_pbr,-0.0074818395334571575
2023-06,2023-06-30,high_pbr,0.009673842803036736
2023-06,2023-07-03,high_pbr,0.008899903866704806
2023-06,2023-06-02,baseline,0.010499653679637566
2023-06,2023-06-05,baseline,0.012467316358658165
2023-06,2023-06-07,baseline,0.0005630241758194376
2023-06,2023-06-08,baseline,0.0035854121485445756
2023-06,2023-06-09,baseline,0.002780288546965659
2023-06,2023-06-12,baseline,-0.0050336938687292054
2023-06,2023-06-13,baseline,-0.0011353293566175315
2023-06,2023-06-14,baseline,-0.004993804186311235
2023-06,2023-06-15,baseline,-0.0063895148905470656
2023-06,2023-06-16,baseline,0.0114629864756024
2023-06,2023-06-19,baseline,0.00435415749624668
2023-06,2023-06-20,baseline,0.0008824786264560736
2023-06,2023-06-21,baseline,-0.007947542963474663
2023-06,2023-06-22,baseline,0.00012049915212219986
2023-06,2023-06-23,baseline,-0.016813217516596257
2023-06,2023-06-26,baseline,0.0025718086888819602
2023-06,2023-06-27,baseline,0.00477200270870326
2023-06,2023-06-28,baseline,-0.005480540537280976
2023-06,2023-06-29,baseline,-0.013677620722691408
2023-06,2023-06-30,baseline,0.011519251091914207
2023-06,2023-07-03,baseline,0.008416765722958797
2023-07,2023-07-04,low_pbr,-0.015734112057357197
2023-07,2023-07-05,low_pbr,-0.011034931777287094
2023-07,2023-07-06,low_pbr,-0.018503553696950892
2023-07,2023-07-07,low_pbr,-0.013131146944897365
2023-07,2023-07-10,low_pbr,0.011498768467622433
2023-07,2023-07-11,low_pbr,0.008095129662335276
2023-07,2023-07-12,low_pbr,0.003957024682034849
2023-07,2023-07-13,low_pbr,0.004779511991291008
2023-07,2023-07-14,low_pbr,0.012807542065630395
2023-07,2023-07-17,low_pbr,-0.002473223494457888
2023-07,2023-07-18,low_pbr,-0.01251514084656502
2023-07,2023-07-19,low_pbr,-0.004537682030959389
2023-07,2023-07-20,low_pbr,0.004449680747032225
2023-07,2023-07-21,low_pbr,-0.0004562623612895944
2023-07,2023-07-24,low_pbr,-0.016757364312458445
2023-07,2023-07-25,low_pbr,-0.005395019905043319
2023-07,2023-07-26,low_pbr,-0.021002230091384466
2023-07,2023-07-27,low_pbr,0.03158871934690444
2023-07,2023-07-28,low_pbr,-0.006708005045430343
2023-07,2023-07-31,low_pbr,0.016854319399770112
2023-07,2023-08-01,low_pbr,0.01799978471992003
2023-07,2023-07-04,high_pbr,-0.005086029849898699
2023-07,2023-07-05,high_pbr,0.00977694692369635
2023-07,2023-07-06,high_pbr,-0.010819857790340781
2023-07,2023-07-07,high_pbr,-0.0034253247058978475
2023-07,2023-07-10,high_pbr,-0.005295402531476534
2023-07,2023-07-11,high_pbr,0.026646851800006477
2023-07,2023-07-12,high_pbr,-0.0005085512869315023
2023-07,2023-07-13,high_pbr,0.008361524438240453
2023-07,2023-07-14,high_pbr,0.0008838331530252042
2023-07,2023-07-17,high_pbr,-0.0011583307150886402
2023-07,2023-07-18,high_pbr,0.00011645423465789229
2023-07,2023-07-19,high_pbr,-0.0038099774339495074
2023-07,2023-07-20,high_pbr,0.0002488066803376654
2023-07,2023-07-21,high_pbr,0.008422973689420132
2023-07,2023-07-24,high_pbr,0.004224233741103589
2023-07,2023-07-25,high_pbr,-0.0023840307906698444
2023-07,2023-07-26,high_pbr,-0.02234711011527113
2023-07,2023-07-27,high_pbr,-0.012760990009811901
2023-07,2023-07-28,high_pbr,0.0075536836596945545
2023-07,2023-07-31,high_pbr,0.03104882190659808
2023-07,2023-08-01,high_pbr,0.012362592084981472
2023-07,2023-07-04,baseline,-0.009467727367779899
2023-07,2023-07-05,baseline,-0.0028506611563091644
2023-07,2023-07-06,baseline,-0.014138139034105657
2023-07,2023-07-07,baseline,-0.009165972144363543
2023-07,2023-07-10,baseline,0.003427009167891404
2023-07,2023-07-11,baseline,0.017594454123704306
2023-07,2023-07-12,baseline,0.006642060682602757
2023-07,2023-07-13,baseline,0.00472733324245822
2023-07,2023-07-14,baseline,0.010664466786252325
2023-07,2023-07-17,baseline,-0.005204023352469611
2023-07,2023-07-18,baseline,-0.006957048418284817
2023-07,2023-07-19,baseline,-0.0024770457420110192
2023-07,2023-07-20,baseline,0.002809040397717677
2023-07,2023-07-21,baseline,0.004278542599667201
2023-07,2023-07-24,baseline,-0.0049816255970797085
2023-07,2023-07-25,baseline,0.004963644364353481
2023-07,2023-07-26,baseline,-0.02446132684334068
2023-07,2023-07-27,baseline,0.01140220663560143
2023-07,2023-07-28,baseline,0.0024962019199967767
2023-07,2023-07-31,baseline,0.020443655035310426
2023-07,2023-08-01,baseline,0.014731070579211636
2023-08,2023-08-02,low_pbr,-0.005980305645304385
2023-08,2023-08-03,low_pbr,0.0029601232711038428
2023-08,2023-08-04,low_pbr,0.010364460699969769
2023-08,2023-08-07,low_pbr,-0.000611604959015688
2023-08,2023-08-08,low_pbr,-0.009297829340628283
2023-08,2023-08-09,low_pbr,-0.0038038634582416853
2023-08,2023-08-10,low_pbr,0.012661484119061761
2023-08,2023-08-11,low_pbr,0.002022198037238576
2023-08,2023-08-14,low_pbr,-0.004493763084252866
2023-08,2023-08-16,low_pbr,-0.022706323975048792
2023-08,2023-08-17,low_pbr,-0.0085880004302189
2023-08,2023-08-18,low_pbr,0.0006609872014156082
2023-08,2023-08-21,low_pbr,0.00310301752418507
2023-08,2023-08-22,low_pbr,-0.005692965686689422
2023-08,2023-08-23,low_pbr,-0.0001506074524914025
2023-08,2023-08-24,low_pbr,0.0002235888568302702
2023-08,2023-08-25,low_pbr,0.004950293477828049
2023-08,2023-08-28,low_pbr,0.016247716687816993
2023-08,2023-08-29,low_pbr,0.01266995282877792
2023-08,2023-08-30,low_pbr,0.0006311530522611353
2023-08,2023-08-31,low_pbr,0.0035501134460835804
2023-08,2023-09-01,low_pbr,-0.003382781549408964
2023-08,2023-08-02,high_pbr,-0.021245168739906006
2023-08,2023-08-03,high_pbr,0.005355044812310306
2023-08,2023-08-04,high_pbr,0.0026144908223475483
2023-08,2023-08-07,high_pbr,-0.01414913238966986
2023-08,2023-08-08,high_pbr,-0.00928754922370123
2023-08,2023-08-09,high_pbr,0.02541251878761308
2023-08,2023-08-10,high_pbr,0.0257153699094137
2023-08,2023-08-11,high_pbr,-0.004503850972942147
2023-08,2023-08-14,high_pbr,-0.0006728521239932617
2023-08,2023-08-16,high_pbr,-0.034068971327354425
2023-08,2023-08-17,high_pbr,-0.0019312188650015827
2023-08,2023-08-18,high_pbr,-0.0133488080936488
2023-08,2023-08-21,high_pbr,-0.002465578016742964
2023-08,2023-08-22,high_pbr,-0.0011585190678162771
2023-08,2023-08-23,high_pbr,-0.008012457411056495
2023-08,2023-08-24,high_pbr,0.01132310170665396
2023-08,2023-08-25,high_pbr,-0.0020951568869825854
2023-08,2023-08-28,high_pbr,0.016142135380046163
2023-08,2023-08-29,high_pbr,0.0056600653306713156
2023-08,2023-08-30,high_pbr,0.002652124237723097
2023-08,2023-08-31,high_pbr,-0.0063424462763749245
2023-08,2023-09-01,high_pbr,-0.020295980492020083
2023-08,2023-08-02,baseline,-0.011766609374255999
2023-08,2023-08-03,baseline,-0.0017251197385425021
2023-08,2023-08-04,baseline,0.00605511212192722
2023-08,2023-08-07,baseline,-0.0028212264607546667
2023-08,2023-08-08,baseline,-0.004829623843023323
2023-08,2023-08-09,baseline,0.007469662220067619
2023-08,2023-08-10,baseline,0.01139361457848831
2023-08,2023-08-11,baseline,0.003432059034083723
2023-08,2023-08-14,baseline,-0.0035842555553259325
2023-08,2023-08-16,baseline,-0.023008651641577615
2023-08,2023-08-17,baseline,-0.007730819662269073
2023-08,2023-08-18,baseline,-0.004886258923616049
2023-08,2023-08-21,baseline,0.0002957901769833349
2023-08,2023-08-22,baseline,-0.0017035581783813036
2023-08,2023-08-23,baseline,-0.003030168615061113
2023-08,2023-08-24,baseline,0.004194574226207282
2023-08,2023-08-25,baseline,0.0003884528951403343
2023-08,2023-08-28,baseline,0.016108689520577757
2023-08,2023-08-29,baseline,0.005780414776457299
2023-08,2023-08-30,baseline,0.001995687581108019
2023-08,2023-08-31,baseline,0.0008724764221019754
2023-08,2023-09-01,baseline,-0.00980442210901189
2023-09,2023-09-04,low_pbr,0.01899175727381719
2023-09,2023-09-05,low_pbr,-0.0082800173531683
2023-09,2023-09-06,low_pbr,-0.005444555975942511
2023-09,2023-09-07,low_pbr,-0.006734708374184661
2023-09,2023-09-08,low_pbr,0.014145969189643948
2023-09,2023-09-11,low_pbr,0.00890951477224644
2023-09,2023-09-12,low_pbr,-0.008830564457126044
2023-09,2023-09-13,low_pbr,0.010162489145868925
2023-09,2023-09-14,low_pbr,0.01064812979962837
2023-09,2023-09-15,low_pbr,0.015651716577814945
2023-09,2023-09-18,low_pbr,0.0009427051915573692
2023-09,2023-09-19,low_pbr,0.0024550836682568633
2023-09,2023-09-20,low_pbr,0.0015564276133626098
2023-09,2023-09-21,low_pbr,-0.015958790715344895
2023-09,2023-09-22,low_pbr,-0.005978305114324178
2023-09,2023-09-25,low_pbr,-0.004337094100579808
2023-09,2023-09-26,low_pbr,-0.015506382092875803
2023-09,2023-09-27,low_pbr,0.0018828111926467717
2023-09,2023-10-04,low_pbr,-0.021413385319440037
2023-09,2023-09-04,high_pbr,0.004539836562262645
2023-09,2023-09-05,high_pbr,0.0037266792995727105
2023-09,2023-09-06,high_pbr,-0.004140305090801766
2023-09,2023-09-07,high_pbr,-0.01688041738850543
2023-09,2023-09-08,high_pbr,0.008024870063868761
2023-09,2023-09-11,high_pbr,0.0006535960896685289
2023-09,2023-09-12,high_pbr,-0.013388453682594337
2023-09,2023-09-13,high_pbr,-0.011953527258290797
2023-09,2023-09-14,high_pbr,0.0225095379043192
2023-09,2023-09-15,high_pbr,0.006973529348497598
2023-09,2023-09-18,high_pbr,0.001484021717976347
2023-09,2023-09-19,high_pbr,-0.007587465231509438
2023-09,2023-09-20,high_pbr,-0.006661786889135213
2023-09,2023-09-21,high_pbr,-0.026775651613864748
2023-09,2023-09-22,high_pbr,-0.008555008850856027
2023-09,2023-09-25,high_pbr,-0.007460341685320393
2023-09,2023-09-26,high_pbr,-0.014627822111599631
2023-09,2023-09-27,high_pbr,0.016020320076304273
2023-09,2023-10-04,high_pbr,-0.040214690057601254
2023-09,2023-09-04,baseline,0.011400506808305177
2023-09,2023-09-05,baseline,-0.003189759841730644
2023-09,2023-09-06,baseline,-0.0053184739126180824
2023-09,2023-09-07,baseline,-0.009287022851753646
2023-09,2023-09-08,baseline,0.009465283830938809
2023-09,2023-09-11,baseline,0.0071522167637392275
2023-09,2023-09-12,baseline,-0.008528132916810094
2023-09,2023-09-13,baseline,-0.0023924960905981063
2023-09,2023-09-14,baseline,0.01513038288964852
2023-09,2023-09-15,baseline,0.009626855806366796
2023-09,2023-09-18,baseline,-0.002197150657347713
2023-09,2023-09-19,baseline,-0.002779399210059208
2023-09,2023-09-20,baseline,-0.0012463482601867693
2023-09,2023-09-21,baseline,-0.019576379089151885
2023-09,2023-09-22,baseline,-0.004006670734660878
2023-09,2023-09-25,baseline,-0.0025479525292613214
2023-09,2023-09-26,baseline,-0.01573174758255025
2023-09,2023-09-27,baseline,0.006222907476447714
2023-09,2023-10-04,baseline,-0.02847307969072943
2023-10,2023-10-05,low_pbr,-0.0020069346810950295
2023-10,2023-10-06,low_pbr,0.004226220515609613
2023-10,2023-10-10,low_pbr,0.0013728399914210154
2023-10,2023-10-11,low_pbr,0.0038380154026746993
2023-10,2023-10-12,low_pbr,0.012352359297073123
2023-10,2023-10-13,low_pbr,-0.007267012267568651
2023-10,2023-10-16,low_pbr,0.0014229217045043097
2023-10,2023-10-17,low_pbr,0.00022039872015766626
2023-10,2023-10-18,low_pbr,0.0150816782057841
2023-10,2023-10-19,low_pbr,-0.015241935397028339
2023-10,2023-10-20,low_pbr,-0.012016940829184808
2023-10,2023-10-23,low_pbr,-0.008251282049465347
2023-10,2023-10-24,low_pbr,0.003743763513025522
2023-10,2023-10-25,low_pbr,0.017203897699559656
2023-10,2023-10-26,low_pbr,-0.017125357328978685
2023-10,2023-10-27,low_pbr,0.0034654166403902398
2023-10,2023-10-30,low_pbr,0.012126653903701046
2023-10,2023-10-31,low_pbr,-0.0022262584218769588
2023-10,2023-11-01,low_pbr,0.012047456223213793
2023-10,2023-10-05,high_pbr,-0.0031371706953418066
2023-10,2023-10-06,high_pbr,0.009368924118741573
2023-10,2023-10-10,high_pbr,-0.012374032831960813
2023-10,2023-10-11,high_pbr,0.02249725780358247
2023-10,2023-10-12,high_pbr,0.01653412181912639
2023-10,2023-10-13,high_pbr,-0.01616549462834671
2023-10,2023-10-16,high_pbr,-0.009488628543493971
2023-10,2023-10-17,high_pbr,-0.00030104847292855563
2023-10,2023-10-18,high_pbr,-0.019768252960730925
2023-10,2023-10-19,high_pbr,-0.02951287379380585
2023-10,2023-10-20,high_pbr,-0.02463547066459515
2023-10,2023-10-23,high_pbr,0.00021476068070791499
2023-10,2023-10-24,high_pbr,0.016948239137512422
2023-10,2023-10-25,high_pbr,-0.006664383218469738
2023-10,2023-10-26,high_pbr,-0.03238714596590386
2023-10,2023-10-27,high_pbr,0.0021412081376206427
2023-10,2023-10-30,high_pbr,0.011315965175784815
2023-10,2023-10-31,high_pbr,-0.019836088164185472
2023-10,2023-11-01,high_pbr,0.008951502677202239
2023-10,2023-10-05,baseline,-0.0030325325024569416
2023-10,2023-10-06,baseline,0.005048718727191925
2023-10,2023-10-10,baseline,-0.0020080982763833743
2023-10,2023-10-11,baseline,0.01329110438544312
2023-10,2023-10-12,baseline,0.010366400581614865
2023-10,2023-10-13,baseline,-0.010738455255908108
2023-10,2023-10-16,baseline,-0.005217908691573125
2023-10,2023-10-17,baseline,0.0015024486670598414
2023-10,2023-10-18,baseline,0.0016889723348434416
2023-10,2023-10-19,baseline,-0.02017002026107695
2023-10,2023-10-20,baseline,-0.01794698509241799
2023-10,2023-10-23,baseline,-0.0043535350664766215
2023-10,2023-10-24,baseline,0.007404308434870943
2023-10,2023-10-25,baseline,0.007849897456486454
2023-10,2023-10-26,baseline,-0.024324925509636053
2023-10,2023-10-27,baseline,0.00026398852492959257
2023-10,2023-10-30,baseline,0.008540793394073543
2023-10,2023-10-31,baseline,-0.0077382164069418335
2023-10,2023-11-01,baseline,0.010073848288798759
2023-11,2023-11-02,low_pbr,-0.0014748007942660957
2023-11,2023-11-03,low_pbr,0.016718463031971886
2023-11,2023-11-06,low_pbr,0.039934994657204514
2023-11,2023-11-07,low_pbr,-0.010935412764231933
2023-11,2023-11-08,low_pbr,0.003305120754613977
2023-11,2023-11-09,low_pbr,0.004728515613559026
2023-11,2023-11-10,low_pbr,-0.006328543253231622
2023-11,2023-11-13,low_pbr,-0.0008031150969609602
2023-11,2023-11-14,low_pbr,0.002659383054771647
2023-11,2023-11-15,low_pbr,0.013357056445251425
2023-11,2023-11-16,low_pbr,-5.0943425460303615e-05
2023-11,2023-11-17,low_pbr,-0.0010651610667024025
2023-11,2023-11-20,low_pbr,0.0042570675016795345
2023-11,2023-11-21,low_pbr,0.007492406375728011
2023-11,2023-11-22,low_pbr,0.0011499591428576483
2023-11,2023-11-23,low_pbr,0.0018421945736506462
2023-11,2023-11-24,low_pbr,0.0032704535782714927
2023-11,2023-11-27,low_pbr,0.008778649753623302
2023-11,2023-11-28,low_pbr,0.0006004444887084404
2023-11,2023-11-29,low_pbr,-0.011948580470672265
2023-11,2023-11-30,low_pbr,0.010322042354494076
2023-11,2023-12-01,low_pbr,0.002019936062466865
2023-11,2023-11-02,high_pbr,0.020373279828793223
2023-11,2023-11-03,high_pbr,0.014018749215484405
2023-11,2023-11-06,high_pbr,0.07893510652036784
2023-11,2023-11-07,high_pbr,-0.021164869186173108
2023-11,2023-11-08,high_pbr,-0.00751455965428538
2023-11,2023-11-09,high_pbr,-9.878173853306027e-05
2023-11,2023-11-10,high_pbr,-0.019549854209022333
2023-11,2023-11-13,high_pbr,-0.010289242639865415
2023-11,2023-11-14,high_pbr,0.019390514366156353
2023-11,2023-11-15,high_pbr,0.01901931234311882
2023-11,2023-11-16,high_pbr,-0.0067524145007531455
2023-11,2023-11-17,high_pbr,-0.009971782572410604
2023-11,2023-11-20,high_pbr,0.014126918732188187
2023-11,2023-11-21,high_pbr,0.010709937846171025
2023-11,2023-11-22,high_pbr,-0.00039653826736996134
2023-11,2023-11-23,high_pbr,0.005732960090789607
2023-11,2023-11-24,high_pbr,-0.006743021225618984
2023-11,2023-11-27,high_pbr,0.0003634843683428812
2023-11,2023-11-28,high_pbr,0.00813398908110785
2023-11,2023-11-29,high_pbr,-0.0012484301663889807
2023-11,2023-11-30,high_pbr,0.010650275853122615
2023-11,2023-12-01,high_pbr,-0.008785637059187668
2023-11,2023-11-02,baseline,0.010364051076089842
2023-11,2023-11-03,baseline,0.014364920301582318
2023-11,2023-11-06,baseline,0.054334742284818605
2023-11,2023-11-07,baseline,-0.01669247639940119
2023-11,2023-11-08,baseline,-0.0015836516874354611
2023-11,2023-11-09,baseline,0.004175380799078976
2023-11,2023-11-10,baseline,-0.0129019153576303
2023-11,2023-11-13,baseline,-0.003639515170926644
2023-11,2023-11-14,baseline,0.010702097256051868
2023-11,2023-11-15,baseline,0.017695977227325965
2023-11,2023-11-16,baseline,-0.0011076877263862528
2023-11,2023-11-17,baseline,-0.004048346141094061
2023-11,2023-11-20,baseline,0.007205795070355903
2023-11,2023-11-21,baseline,0.009468652166174873
2023-11,2023-11-22,baseline,0.002065115150134078
2023-11,2023-11-23,baseline,0.00205218676809249
2023-11,2023-11-24,baseline,-0.002380900711866585
2023-11,2023-11-27,baseline,0.0029319779560827985
2023-11,2023-11-28,baseline,0.0038801971008013414
2023-11,2023-11-29,baseline,-0.008825686703127888
2023-11,2023-11-30,baseline,0.007137031413608552
2023-11,2023-12-01,baseline,-0.005360830814341577
2023-12,2023-12-04,low_pbr,0.008935115750855038
2023-12,2023-12-05,low_pbr,0.014499508938727423
2023-12,2023-12-06,low_pbr,0.0018862121777256657
2023-12,2023-12-07,low_pbr,-0.0026868845591906387
2023-12,2023-12-08,low_pbr,-0.0021089688598111556
2023-12,2023-12-11,low_pbr,-0.0017197786899703082
2023-12,2023-12-12,low_pbr,-0.0008552352631810978
2023-12,2023-12-13,low_pbr,-0.006514785331423023
2023-12,2023-12-14,low_pbr,0.0026172201338725554
2023-12,2023-12-15,low_pbr,-0.008405121383602498
2023-12,2023-12-18,low_pbr,0.0023514157818744774
2023-12,2023-12-19,low_pbr,-0.001542028694645814
2023-12,2023-12-20,low_pbr,0.01955726983829842
2023-12,2023-12-21,low_pbr,-0.007043772917813884
2023-12,2023-12-22,low_pbr,0.001235110333021927
2023-12,2023-12-26,low_pbr,0.004768233391856169
2023-12,2023-12-27,low_pbr,-0.024822189465642297
2023-12,2023-12-28,low_pbr,0.009430375443637784
2023-12,2024-01-02,low_pbr,-0.009383338948408704
2023-12,2023-12-04,high_pbr,0.008193357778975674
2023-12,2023-12-05,high_pbr,-0.005890729367834746
2023-12,2023-12-06,high_pbr,0.002741907565350088
2023-12,2023-12-07,high_pbr,0.0007335861784047992
2023-12,2023-12-08,high_pbr,0.006308789241756818
2023-12,2023-12-11,high_pbr,-0.0019436127104258683
2023-12,2023-12-12,high_pbr,0.004772510964114796
2023-12,2023-12-13,high_pbr,-0.011674155466239067
2023-12,2023-12-14,high_pbr,0.017576036033121856
2023-12,2023-12-15,high_pbr,0.0038236966916613824
2023-12,2023-12-18,high_pbr,-0.0006266133184029687
2023-12,2023-12-19,high_pbr,-0.003142561783695985
2023-12,2023-12-20,high_pbr,0.013350646778276909
2023-12,2023-12-21,high_pbr,-0.009141326176094422
2023-12,2023-12-22,high_pbr,-0.0019233825831005413
2023-12,2023-12-26,high_pbr,0.0011367015764360833
2023-12,2023-12-27,high_pbr,0.015844178075766324
2023-12,2023-12-28,high_pbr,0.011344665404916743
2023-12,2024-01-02,high_pbr,0.011817454585092646
2023-12,2023-12-04,baseline,0.006065179497920736
2023-12,2023-12-05,baseline,0.0031776464427972773
2023-12,2023-12-06,baseline,0.001865953429786904
2023-12,2023-12-07,baseline,-0.0019127895850674648
2023-12,2023-12-08,baseline,0.0015334182610629021
2023-12,2023-12-11,baseline,0.002904914247039203
2023-12,2023-12-12,baseline,0.0042874761685220975
2023-12,2023-12-13,baseline,-0.007680907172395002
2023-12,2023-12-14,baseline,0.009878579119758868
2023-12,2023-12-15,baseline,0.003062885620706668
2023-12,2023-12-18,baseline,9.89030160634119e-05
2023-12,2023-12-19,baseline,-0.001020886884993688
2023-12,2023-12-20,baseline,0.017580182442064718
2023-12,2023-12-21,baseline,-0.005667468895630523
2023-12,2023-12-22,baseline,-0.0012796124074323512
2023-12,2023-12-26,baseline,0.002750190949341924
2023-12,2023-12-27,baseline,-0.008307937118652742
2023-12,2023-12-28,baseline,0.01376172652859875
2023-12,2024-01-02,baseline,-0.003691050642776972
2024-01,2024-01-03,low_pbr,-0.010410803414952818
2024-01,2024-01-04,low_pbr,-0.009613346650016896
2024-01,2024-01-05,low_pbr,-0.0058424954588987
2024-01,2024-01-08,low_pbr,-0.004798465744996094
2024-01,2024-01-09,low_pbr,0.006516148706648517
2024-01,2024-01-10,low_pbr,-0.00254246758744725
2024-01,2024-01-11,low_pbr,-0.0049113229660402435
2024-01,2024-01-12,low_pbr,0.0004898035758118535
2024-01,2024-01-15,low_pbr,-0.0018520926987970476
2024-01,2024-01-16,low_pbr,-0.00910010223100921
2024-01,2024-01-17,low_pbr,-0.01973359238113548
2024-01,2024-01-18,low_pbr,-0.007906885565616806
2024-01,2024-01-19,low_pbr,-0.001014928035308782
2024-01,2024-01-22,low_pbr,0.0019793485772463537
2024-01,2024-01-23,low_pbr,0.013990837364851405
2024-01,2024-01-24,low_pbr,0.001892303733367795
2024-01,2024-01-25,low_pbr,0.015314224889399375
2024-01,2024-01-26,low_pbr,0.001965623418610285
2024-01,2024-01-29,low_pbr,0.03547099215006444
2024-01,2024-01-30,low_pbr,0.005700353670896829
2024-01,2024-01-31,low_pbr,0.008923503585915649
2024-01,2024-02-01,low_pbr,0.0429269081817798
2024-01,2024-01-03,high_pbr,-0.01057816510542453
2024-01,2024-01-04,high_pbr,-0.015122508030745774
2024-01,2024-01-05,high_pbr,0.0009819882752772902
2024-01,2024-01-08,high_pbr,-0.004302073783827853
2024-01,2024-01-09,high_pbr,0.00318269605788557
2024-01,2024-01-10,high_pbr,0.0016495100147675412
2024-01,2024-01-11,high_pbr,0.0032274216112828658
2024-01,2024-01-12,high_pbr,-0.008022149299916181
2024-01,2024-01-15,high_pbr,-0.0045612393044178745
2024-01,2024-01-16,high_pbr,-0.0016667328557234962
2024-01,2024-01-17,high_pbr,-0.03216068949694617
2024-01,2024-01-18,high_pbr,-0.006200381620712236
2024-01,2024-01-19,high_pbr,-0.0023660423626190585
2024-01,2024-01-22,high_pbr,-0.006892926608706551
2024-01,2024-01-23,high_pbr,0.0031232284707412017
2024-01,2024-01-24,high_pbr,-0.0072152527526019306
2024-01,2024-01-25,high_pbr,-0.0036209451508493196
2024-01,2024-01-26,high_pbr,0.0011435152449155161
2024-01,2024-01-29,high_pbr,-0.013615785708449568
2024-01,2024-01-30,high_pbr,-0.006877851912331923
2024-01,2024-01-31,high_pbr,-0.009354239314362744
2024-01,2024-02-01,high_pbr,-0.009818213879844495
2024-01,2024-01-03,baseline,-0.014035578723821551
2024-01,2024-01-04,baseline,-0.011314986137258232
2024-01,2024-01-05,baseline,-0.0026940645744991665
2024-01,2024-01-08,baseline,-0.005361106390929127
2024-01,2024-01-09,baseline,0.004974445693455065
2024-01,2024-01-10,baseline,-0.0024203368890499677
2024-01,2024-01-11,baseline,-0.004786238085512151
2024-01,2024-01-12,baseline,-0.004471779336170045
2024-01,2024-01-15,baseline,-0.0004059487197436429
2024-01,2024-01-16,baseline,-0.00986806707462795
2024-01,2024-01-17,baseline,-0.025013345811483845
2024-01,2024-01-18,baseline,-0.0025299560638488705
2024-01,2024-01-19,baseline,0.0030287237227080155
2024-01,2024-01-22,baseline,-0.0026604158538846567
2024-01,2024-01-23,baseline,0.01001667037116305
2024-01,2024-01-24,baseline,-0.002465628935799824
2024-01,2024-01-25,baseline,0.008460989129832619
2024-01,2024-01-26,baseline,0.0033526425308245678
2024-01,2024-01-29,baseline,0.010367382837661143
2024-01,2024-01-30,baseline,0.0023787992295176696
2024-01,2024-01-31,baseline,0.0020747524078159607
2024-01,2024-02-01,baseline,0.02253344829175763
2024-02,2024-02-02,low_pbr,0.009769189156567881
2024-02,2024-02-05,low_pbr,-0.0022969253733250428
2024-02,2024-02-06,low_pbr,-0.013166967541652363
2024-02,2024-02-07,low_pbr,0.02652747769558128
2024-02,2024-02-08,low_pbr,-0.002727350732086964
2024-02,2024-02-13,low_pbr,-0.008302513997134331
2024-02,2024-02-14,low_pbr,-0.017011771106697826
2024-02,2024-02-15,low_pbr,-0.010453513680973692
2024-02,2024-02-16,low_pbr,0.027853857266783244
2024-02,2024-02-19,low_pbr,0.021157369994348363
2024-02,2024-02-20,low_pbr,-0.016105395947951018
2024-02,2024-02-21,low_pbr,-0.00038142585422451525
2024-02,2024-02-22,low_pbr,-0.0009800883583628295
2024-02,2024-02-23,low_pbr,0.009370554020467825
2024-02,2024-02-26,low_pbr,-0.025350425430493373
2024-02,2024-02-27,low_pbr,-0.009245763440207444
2024-02,2024-02-28,low_pbr,0.01420254088010342
2024-02,2024-02-29,low_pbr,-0.0014379775937596317
2024-02,2024-03-04,low_pbr,0.0015402550793854886
2024-02,2024-02-02,high_pbr,0.02451631784415209
2024-02,2024-02-05,high_pbr,-0.012680834299784616
2024-02,2024-02-06,high_pbr,0.0015069266707106177
2024-02,2024-02-07,high_pbr,0.005437703631066881
2024-02,2024-02-08,high_pbr,0.006100008811790181
2024-02,2024-02-13,high_pbr,0.014261669879284122
2024-02,2024-02-14,high_pbr,0.005240306368707426
2024-02,2024-02-15,high_pbr,0.006506164033926121
2024-02,2024-02-16,high_pbr,0.013917392879722712
2024-02,2024-02-19,high_pbr,0.008554414023830725
2024-02,2024-02-20,high_pbr,0.00157552863670829
2024-02,2024-02-21,high_pbr,0.01183688261310234
2024-02,2024-02-22,high_pbr,-0.0059232933490595
2024-02,2024-02-23,high_pbr,0.0003043342564554852
2024-02,2024-02-26,high_pbr,0.0020445184693220764
2024-02,2024-02-27,high_pbr,-0.008727825549429191
2024-02,2024-02-28,high_pbr,0.0022151925891416013
2024-02,2024-02-29,high_pbr,-0.008114217370192356
2024-02,2024-03-04,high_pbr,0.0004758302172680473
2024-02,2024-02-02,baseline,0.0222042304298129
2024-02,2024-02-05,baseline,-0.005994866204930505
2024-02,2024-02-06,baseline,-0.005613352929975113
2024-02,2024-02-07,baseline,0.016631339757389174
2024-02,2024-02-08,baseline,0.0010159994619614032
2024-02,2024-02-13,baseline,0.004265883378149038
2024-02,2024-02-14,baseline,-0.010017394792792733
2024-02,2024-02-15,baseline,-0.002029002253386869
2024-02,2024-02-16,baseline,0.0201346240399658
2024-02,2024-02-19,baseline,0.014817658317302529
2024-02,2024-02-20,baseline,-0.008063659668166578
2024-02,2024-02-21,baseline,0.0019424020443494783
2024-02,2024-02-22,baseline,-0.0012212890741256643
2024-02,2024-02-23,baseline,0.0012746004949488743
2024-02,2024-02-26,baseline,-0.011893493145536116
2024-02,2024-02-27,baseline,-0.009727867352587904
2024-02,2024-02-28,baseline,0.008280618952552832
2024-02,2024-02-29,baseline,-0.005937336389145509
2024-02,2024-03-04,baseline,0.0017546259484595428
2024-03,2024-03-05,low_pbr,-0.00875610391943693
2024-03,2024-03-06,low_pbr,-0.007807684310292329
2024-03,2024-03-07,low_pbr,-0.004919747275013542
2024-03,2024-03-08,low_pbr,0.007016459317873647
2024-03,2024-03-11,low_pbr,-0.012247251460874575
2024-03,2024-03-12,low_pbr,-0.003647063943001405
2024-03,2024-03-13,low_pbr,0.003736970241186688
2024-03,2024-03-14,low_pbr,0.015983454174129275
2024-03,2024-03-15,low_pbr,-0.005658154222045408
2024-03,2024-03-18,low_pbr,-0.008439876104058719
2024-03,2024-03-19,low_pbr,-0.00565666490974881
2024-03,2024-03-20,low_pbr,0.004942578799372432
2024-03,2024-03-21,low_pbr,0.01416529100989461
2024-03,2024-03-22,low_pbr,0.004175234068366951
2024-03,2024-03-25,low_pbr,-0.01451755208405514
2024-03,2024-03-26,low_pbr,-0.0007494232899785125
2024-03,2024-03-27,low_pbr,-0.006738225886565363
2024-03,2024-03-28,low_pbr,-0.00352416921722154
2024-03,2024-03-29,low_pbr,-0.011585689785318265
2024-03,2024-04-01,low_pbr,0.007237853692247942
2024-03,2024-03-05,high_pbr,0.0017561899432432249
2024-03,2024-03-06,high_pbr,0.004794344181589638
2024-03,2024-03-07,high_pbr,0.0015806363732677742
2024-03,2024-03-08,high_pbr,0.015603934243432427
2024-03,2024-03-11,high_pbr,-0.002520472644015004
2024-03,2024-03-12,high_pbr,0.008897572909758233
2024-03,2024-03-13,high_pbr,-0.0043588001974362856
2024-03,2024-03-14,high_pbr,0.0018673234186057375
2024-03,2024-03-15,high_pbr,-0.014623778185787861
2024-03,2024-03-18,high_pbr,0.011811493354041191
2024-03,2024-03-19,high_pbr,-0.009300848463076106
2024-03,2024-03-20,high_pbr,-0.0028000491954538465
2024-03,2024-03-21,high_pbr,0.02076587700152266
2024-03,2024-03-22,high_pbr,0.004160635866856444
2024-03,2024-03-25,high_pbr,0.011812265149850898
2024-03,2024-03-26,high_pbr,0.003043063054740669
2024-03,2024-03-27,high_pbr,-0.0004215096178920019
2024-03,2024-03-28,high_pbr,-0.007606525637045336
2024-03,2024-03-29,high_pbr,-0.00849928778309772
2024-03,2024-04-01,high_pbr,0.01011197686840748
2024-03,2024-03-05,baseline,-0.002764911998657249
2024-03,2024-03-06,baseline,-0.0006447234864702667
2024-03,2024-03-07,baseline,-0.000352772266649648
2024-03,2024-03-08,baseline,0.010648429731753062
2024-03,2024-03-11,baseline,-0.0048535561935751925
2024-03,2024-03-12,baseline,0.0023299080675913686
2024-03,2024-03-13,baseline,0.0012096672425163657
2024-03,2024-03-14,baseline,0.012903885993865272
2024-03,2024-03-15,baseline,-0.010450765042589905
2024-03,2024-03-18,baseline,0.006015151841363142
2024-03,2024-03-19,baseline,-0.009597799859113021
2024-03,2024-03-20,baseline,0.004003790678863028
2024-03,2024-03-21,baseline,0.017358385427366674
2024-03,2024-03-22,baseline,0.0010544543541659568
2024-03,2024-03-25,baseline,-0.002873065065046032
2024-03,2024-03-26,baseline,0.002770893379333561
2024-03,2024-03-27,baseline,-1.5766458517196824e-05
2024-03,2024-03-28,baseline,-0.005894152840318134
2024-03,2024-03-29,baseline,-0.007982856431800855
2024-03,2024-04-01,baseline,0.010991001884739449
2024-04,2024-04-02,low_pbr,-0.006903035363939214
2024-04,2024-04-03,low_pbr,-0.0008837907454816163
2024-04,2024-04-04,low_pbr,-0.006642864443948349
2024-04,2024-04-05,low_pbr,-0.005563410385915457
2024-04,2024-04-08,low_pbr,-0.005925739398058516
2024-04,2024-04-09,low_pbr,0.0013613190515511242
2024-04,2024-04-11,low_pbr,-0.013013475341212777
2024-04,2024-04-12,low_pbr,-0.019592806557116482
2024-04,2024-04-15,low_pbr,0.0019861540879448913
2024-04,2024-04-16,low_pbr,-0.017316418839811942
2024-04,2024-04-17,low_pbr,-0.008991685313520237
2024-04,2024-04-18,low_pbr,0.013744898760936985
2024-04,2024-04-19,low_pbr,-0.005662612375211373
2024-04,2024-04-22,low_pbr,0.03392151281121114
2024-04,2024-04-23,low_pbr,0.004030076380900693
2024-04,2024-04-24,low_pbr,-0.0024820862411072397
2024-04,2024-04-25,low_pbr,0.005170891496695695
2024-04,2024-04-26,low_pbr,0.005122257912233419
2024-04,2024-04-29,low_pbr,0.02994083090636379
2024-04,2024-04-30,low_pbr,-0.0028912483984804282
2024-04,2024-05-02,low_pbr,-0.007248983596412795
2024-04,2024-04-02,high_pbr,-0.014010075642727271
2024-04,2024-04-03,high_pbr,-0.01822371668686784
2024-04,2024-04-04,high_pbr,0.0018114225619432212
2024-04,2024-04-05,high_pbr,-0.014379498258121237
2024-04,2024-04-08,high_pbr,-0.005463842046358636
2024-04,2024-04-09,high_pbr,0.0016188700028552105
2024-04,2024-04-11,high_pbr,-0.0035371649384295933
2024-04,2024-04-12,high_pbr,-0.005918681470738485
2024-04,2024-04-15,high_pbr,-0.011102056441909092
2024-04,2024-04-16,high_pbr,-0.025471230446842852
2024-04,2024-04-17,high_pbr,-0.00498765224394504
2024-04,2024-04-18,high_pbr,0.03843440609535964
2024-04,2024-04-19,high_pbr,-0.012489903357645882
2024-04,2024-04-22,high_pbr,0.021314162503704992
2024-04,2024-04-23,high_pbr,-0.0010233830630181906
2024-04,2024-04-24,high_pbr,0.017471540717308498
2024-04,2024-04-25,high_pbr,-0.0179888276647433
2024-04,2024-04-26,high_pbr,0.004319230891968395
2024-04,2024-04-29,high_pbr,0.021894139657906653
2024-04,2024-04-30,high_pbr,-0.005763471715977464
2024-04,2024-05-02,high_pbr,0.00017434729726750753
2024-04,2024-04-02,baseline,-0.009304425916925152
2024-04,2024-04-03,baseline,-0.0107866693443055
2024-04,2024-04-04,baseline,0.003576718472384721
2024-04,2024-04-05,baseline,-0.005451891821172894
2024-04,2024-04-08,baseline,-0.002458744411220515
2024-04,2024-04-09,baseline,8.01506103289551e-05
2024-04,2024-04-11,baseline,-0.007833498312403764
2024-04,2024-04-12,baseline,-0.009104488106494557
2024-04,2024-04-15,baseline,-0.0026754466235521246
2024-04,2024-04-16,baseline,-0.019477851616667152
2024-04,2024-04-17,baseline,-0.004761973056594648
2024-04,2024-04-18,baseline,0.023688985202399815
2024-04,2024-04-19,baseline,-0.01105239089952792
2024-04,2024-04-22,baseline,0.026482291051128204
2024-04,2024-04-23,baseline,0.0016897494756202835
2024-04,2024-04-24,baseline,0.0065228771703294
2024-04,2024-04-25,baseline,-0.008049468823347228
2024-04,2024-04-26,baseline,0.00984904629526695
2024-04,2024-04-29,baseline,0.02492207332027707
2024-04,2024-04-30,baseline,-0.0025147743274259726
2024-04,2024-05-02,baseline,-0.003289711448957955
2024-05,2024-05-03,low_pbr,0.0036543946422171736
2024-05,2024-05-07,low_pbr,0.009523856494562777
2024-05,2024-05-08,low_pbr,0.008743785347652633
2024-05,2024-05-09,low_pbr,-0.005758099582503062
2024-05,2024-05-10,low_pbr,0.009833658296280579
2024-05,2024-05-13,low_pbr,-0.0042601006283743414
2024-05,2024-05-14,low_pbr,0.010974301964053801
2024-05,2024-05-16,low_pbr,0.0011791606935485088
2024-05,2024-05-17,low_pbr,-0.0022631917165893967
2024-05,2024-05-20,low_pbr,0.011407367291328407
2024-05,2024-05-21,low_pbr,-0.009843695847393308
2024-05,2024-05-22,low_pbr,-0.001649445132597127
2024-05,2024-05-23,low_pbr,-0.007427961537338157
2024-05,2024-05-24,low_pbr,-0.012980138219293447
2024-05,2024-05-27,low_pbr,0.013022742485358618
2024-05,2024-05-28,low_pbr,-0.008264699354366578
2024-05,2024-05-29,low_pbr,-0.007437173746763448
2024-05,2024-05-30,low_pbr,-0.008655644336679646
2024-05,2024-05-31,low_pbr,0.011353190104481659
2024-05,2024-06-03,low_pbr,0.01803754021105286
2024-05,2024-05-03,high_pbr,-0.006216420535929634
2024-05,2024-05-07,high_pbr,0.014069399734085053
2024-05,2024-05-08,high_pbr,0.0030915443205592474
2024-05,2024-05-09,high_pbr,-0.009188276420037056
2024-05,2024-05-10,high_pbr,-0.0006720220857129311
2024-05,2024-05-13,high_pbr,-0.007750843715799927
2024-05,2024-05-14,high_pbr,0.00035559784987682086
2024-05,2024-05-16,high_pbr,0.014838022477976942
2024-05,2024-05-17,high_pbr,-0.00106301251131391
2024-05,2024-05-20,high_pbr,0.004775971992728056
2024-05,2024-05-21,high_pbr,-0.01383137548906821
2024-05,2024-05-22,high_pbr,-0.0033322650151424993
2024-05,2024-05-23,high_pbr,-0.0011515216730669797
2024-05,2024-05-24,high_pbr,-0.004130197542037695
2024-05,2024-05-27,high_pbr,0.019645218846793933
2024-05,2024-05-28,high_pbr,0.002719213080658367
2024-05,2024-05-29,high_pbr,-0.013852648029159309
2024-05,2024-05-30,high_pbr,-0.015366484220484256
2024-05,2024-05-31,high_pbr,0.011483124116878018
2024-05,2024-06-03,high_pbr,0.011467285359582524
2024-05,2024-05-03,baseline,-0.0003060509660276489
2024-05,2024-05-07,baseline,0.012120402348173576
2024-05,2024-05-08,baseline,0.006849333976819194
2024-05,2024-05-09,baseline,-0.006045726054451084
2024-05,2024-05-10,baseline,0.007129160686579983
2024-05,2024-05-13,baseline,0.0007467325038359451
2024-05,2024-05-14,baseline,0.0010387373193203597
2024-05,2024-05-16,baseline,0.008481644575512481
2024-05,2024-05-17,baseline,-0.006917308511616982
2024-05,2024-05-20,baseline,0.00432386585580935
2024-05,2024-05-21,baseline,-0.008747500630395644
2024-05,2024-05-22,baseline,-0.00038019538508959894
2024-05,2024-05-23,baseline,-0.004174279294123284
2024-05,2024-05-24,baseline,-0.007470187329499334
2024-05,2024-05-27,baseline,0.01476071464531059
2024-05,2024-05-28,baseline,-0.003681598980679879
2024-05,2024-05-29,baseline,-0.009111511748615353
2024-05,2024-05-30,baseline,-0.011290434532577942
2024-05,2024-05-31,baseline,0.011163311572880197
2024-05,2024-06-03,baseline,0.010008902078075588
2024-06,2024-06-04,low_pbr,-0.013172196684172355
2024-06,2024-06-05,low_pbr,0.0023864762870522416
2024-06,2024-06-07,low_pbr,-0.00098544510165266
2024-06,2024-06-10,low_pbr,-0.009115204852823577
2024-06,2024-06-11,low_pbr,0.00020756348056027996
2024-06,2024-06-12,low_pbr,0.002137114139394436
2024-06,2024-06-13,low_pbr,0.0002845424674067232
2024-06,2024-06-14,low_pbr,0.0014193348212769852
2024-06,2024-06-17,low_pbr,-0.0044005649190475005
2024-06,2024-06-18,low_pbr,-0.0021985649331823787
2024-06,2024-06-19,low_pbr,0.003419020504815018
2024-06,2024-06-20,low_pbr,0.0240726240464062
2024-06,2024-06-21,low_pbr,-0.007437507651889663
2024-06,2024-06-24,low_pbr,-0.007872036257063009
2024-06,2024-06-25,low_pbr,0.007392531514020417
2024-06,2024-06-26,low_pbr,-0.005460436228360344
2024-06,2024-06-27,low_pbr,-0.012346481675139964
2024-06,2024-06-28,low_pbr,0.01683628372956858
2024-06,2024-07-01,low_pbr,0.0008112915771809615
2024-06,2024-06-04,high_pbr,-0.002929876599228276
2024-06,2024-06-05,high_pbr,0.008558693171477172
2024-06,2024-06-07,high_pbr,0.016116108233095394
2024-06,2024-06-10,high_pbr,0.00410393296173206
2024-06,2024-06-11,high_pbr,0.005825422264664759
2024-06,2024-06-12,high_pbr,0.004076089460018029
2024-06,2024-06-13,high_pbr,0.006359227480446705
2024-06,2024-06-14,high_pbr,-0.014942927888743185
2024-06,2024-06-17,high_pbr,0.006831597776102205
2024-06,2024-06-18,high_pbr,-0.012737759963029727
2024-06,2024-06-19,high_pbr,0.007781226583749357
2024-06,2024-06-20,high_pbr,-0.00983614136908495
2024-06,2024-06-21,high_pbr,0.0030564270470154753
2024-06,2024-06-24,high_pbr,-0.01574667794372797
2024-06,2024-06-25,high_pbr,-0.0045855328914965465
2024-06,2024-06-26,high_pbr,5.167817620055359e-06
2024-06,2024-06-27,high_pbr,-0.002729649723719918
2024-06,2024-06-28,high_pbr,0.009873155759527075
2024-06,2024-07-01,high_pbr,0.0021837614673549943
2024-06,2024-06-04,baseline,-0.010624311204301295
2024-06,2024-06-05,baseline,0.0022759828211105226
2024-06,2024-06-07,baseline,0.010299697654366335
2024-06,2024-06-10,baseline,-0.0030483604369938577
2024-06,2024-06-11,baseline,0.002435723209294194
2024-06,2024-06-12,baseline,0.007072353850132718
2024-06,2024-06-13,baseline,0.00037479285417685304
2024-06,2024-06-14,baseline,-0.00318957031312761
2024-06,2024-06-17,baseline,0.0033056242532056856
2024-06,2024-06-18,baseline,-0.004011540334874275
2024-06,2024-06-19,baseline,0.005527321635414584
2024-06,2024-06-20,baseline,0.0054109459482583055
2024-06,2024-06-21,baseline,-0.0028182563853951237
2024-06,2024-06-24,baseline,-0.009212781583934015
2024-06,2024-06-25,baseline,0.004772392642709011
2024-06,2024-06-26,baseline,-0.0018538935975555004
2024-06,2024-06-27,baseline,-0.007403833170674057
2024-06,2024-06-28,baseline,0.011086686056536399
2024-06,2024-07-01,baseline,-0.0016780422795152905
2024-07,2024-07-02,low_pbr,-0.006919559056404845
2024-07,2024-07-03,low_pbr,-0.0015755085884036069
2024-07,2024-07-04,low_pbr,0.009921526424809368
2024-07,2024-07-05,low_pbr,-0.004802154428199978
2024-07,2024-07-08,low_pbr,-0.0051480691031208226
2024-07,2024-07-09,low_pbr,0.0010893689830397957
2024-07,2024-07-10,low_pbr,-0.0020157115528085523
2024-07,2024-07-11,low_pbr,0.01187062418185958
2024-07,2024-07-12,low_pbr,0.0054818113067285346
2024-07,2024-07-15,low_pbr,0.0018102886279307562
2024-07,2024-07-16,low_pbr,-0.0030958616555248897
2024-07,2024-07-17,low_pbr,0.006070841196603505
2024-07,2024-07-18,low_pbr,0.0020280218535653205
2024-07,2024-07-19,low_pbr,-0.011918031734108325
2024-07,2024-07-22,low_pbr,-0.008981398181803879
2024-07,2024-07-23,low_pbr,-0.008263256591809265
2024-07,2024-07-24,low_pbr,0.0006794819626849691
2024-07,2024-07-25,low_pbr,-0.010328343798271744
2024-07,2024-07-26,low_pbr,0.023629167508505855
2024-07,2024-07-29,low_pbr,0.009596526576912234
2024-07,2024-07-30,low_pbr,-0.011679549373849407
2024-07,2024-07-31,low_pbr,0.013002566768425483
2024-07,2024-08-01,low_pbr,0.010586876266809542
2024-07,2024-07-02,high_pbr,-0.019778879859950416
2024-07,2024-07-03,high_pbr,0.004902007727254354
2024-07,2024-07-04,high_pbr,0.0031584862409048675
2024-07,2024-07-05,high_pbr,0.004985792729498062
2024-07,2024-07-08,high_pbr,0.007654754890857873
2024-07,2024-07-09,high_pbr,0.005684315574642662
2024-07,2024-07-10,high_pbr,0.0019154946143977725
2024-07,2024-07-11,high_pbr,-0.0010888580278360926
2024-07,2024-07-12,high_pbr,0.009141149943387106
2024-07,2024-07-15,high_pbr,-0.0030812543213432075
2024-07,2024-07-16,high_pbr,-0.01713139408388542
2024-07,2024-07-17,high_pbr,-0.009047359724074555
2024-07,2024-07-18,high_pbr,-0.00728439261832281
2024-07,2024-07-19,high_pbr,0.0009969323853507017
2024-07,2024-07-22,high_pbr,-0.025367564305722845
2024-07,2024-07-23,high_pbr,0.005563279072165583
2024-07,2024-07-24,high_pbr,0.0057539758968156995
2024-07,2024-07-25,high_pbr,-0.028259438773658663
2024-07,2024-07-26,high_pbr,-0.008497720663301789
2024-07,2024-07-29,high_pbr,0.01518180922074519
2024-07,2024-07-30,high_pbr,-0.007136263398948017
2024-07,2024-07-31,high_pbr,-0.009484722330670659
2024-07,2024-08-01,high_pbr,0.010357227003440661
2024-07,2024-07-02,baseline,-0.01393777307937849
2024-07,2024-07-03,baseline,3.5183893519752374e-05
2024-07,2024-07-04,baseline,0.010821680455655791
2024-07,2024-07-05,baseline,0.0028283723783244508
2024-07,2024-07-08,baseline,0.0004771531359593073
2024-07,2024-07-09,baseline,0.004243825914102439
2024-07,2024-07-10,baseline,-0.0008830760015329231
2024-07,2024-07-11,baseline,0.008489942802796024
2024-07,2024-07-12,baseline,0.00421862357917413
2024-07,2024-07-15,baseline,-0.0021643368087135295
2024-07,2024-07-16,baseline,-0.004361890361073484
2024-07,2024-07-17,baseline,0.001473783355499192
2024-07,2024-07-18,baseline,-0.002885696052461806
2024-07,2024-07-19,baseline,-0.007816954194871828
2024-07,2024-07-22,baseline,-0.010086952929818427
2024-07,2024-07-23,baseline,-0.00015490980395471698
2024-07,2024-07-24,baseline,0.000755788617148756
2024-07,2024-07-25,baseline,-0.0154568331085434
2024-07,2024-07-26,baseline,0.008192338970630209
2024-07,2024-07-29,baseline,0.01019605824589842
2024-07,2024-07-30,baseline,-0.010026785996085308
2024-07,2024-07-31,baseline,0.0056365592351794724
2024-07,2024-08-01,baseline,0.009603744811608417
2024-08,2024-08-02,low_pbr,-0.02725498202489718
2024-08,2024-08-05,low_pbr,-0.086651882309837
2024-08,2024-08-06,low_pbr,0.024880567982873414
2024-08,2024-08-07,low_pbr,0.010294395512805643
2024-08,2024-08-08,low_pbr,0.012992531678852615
2024-08,2024-08-09,low_pbr,0.0039877886367614135
2024-08,2024-08-12,low_pbr,0.021204029434267246
2024-08,2024-08-13,low_pbr,-0.0022603502710748513
2024-08,2024-08-14,low_pbr,0.006763872751277544
2024-08,2024-08-16,low_pbr,0.003075680837637096
2024-08,2024-08-19,low_pbr,0.011347789449097423
2024-08,2024-08-20,low_pbr,0.005986524334253618
2024-08,2024-08-21,low_pbr,0.0013646512434342117
2024-08,2024-08-22,low_pbr,0.00075596382432086
2024-08,2024-08-23,low_pbr,0.00042487137190172497
2024-08,2024-08-26,low_pbr,0.008505438417212297
2024-08,2024-08-27,low_pbr,0.007598802326330034
2024-08,2024-08-28,low_pbr,-0.014917620700250822
2024-08,2024-08-29,low_pbr,-0.0029530222109447335
2024-08,2024-08-30,low_pbr,0.004560835315180922
2024-08,2024-09-02,low_pbr,-0.008799063829179388
2024-08,2024-08-02,high_pbr,-0.03582056559971558
2024-08,2024-08-05,high_pbr,-0.1031443034720192
2024-08,2024-08-06,high_pbr,0.05376736905800272
2024-08,2024-08-07,high_pbr,0.015142339113763725
2024-08,2024-08-08,high_pbr,-0.0077002217906673165
2024-08,2024-08-09,high_pbr,0.014017163099843799
2024-08,2024-08-12,high_pbr,0.015834315485714123
2024-08,2024-08-13,high_pbr,-0.010140795270585312
2024-08,2024-08-14,high_pbr,0.01583930883920015
2024-08,2024-08-16,high_pbr,0.011917840779588573
2024-08,2024-08-19,high_pbr,-0.010256275299753814
2024-08,2024-08-20,high_pbr,0.009135478927139173
2024-08,2024-08-21,high_pbr,0.0029012733022943937
2024-08,2024-08-22,high_pbr,0.0005097572600076816
2024-08,2024-08-23,high_pbr,-0.002078320768205799
2024-08,2024-08-26,high_pbr,0.003896469775567013
2024-08,2024-08-27,high_pbr,0.0007285724478718336
2024-08,2024-08-28,high_pbr,0.0008389085932045681
2024-08,2024-08-29,high_pbr,0.011096236758391997
2024-08,2024-08-30,high_pbr,0.010624279148130356
2024-08,2024-09-02,high_pbr,0.0063694108164353835
2024-08,2024-08-02,baseline,-0.029678553926350104
2024-08,2024-08-05,baseline,-0.08905850009797345
2024-08,2024-08-06,baseline,0.03513826990262703
2024-08,2024-08-07,baseline,0.013575051584415743
2024-08,2024-08-08,baseline,0.006205496171721947
2024-08,2024-08-09,baseline,0.007297294713366487
2024-08,2024-08-12,baseline,0.014408492353278124
2024-08,2024-08-13,baseline,-0.004904335213731459
2024-08,2024-08-14,baseline,0.009589528710023387
2024-08,2024-08-16,baseline,0.007084325500344768
2024-08,2024-08-19,baseline,0.0006394688908057944
2024-08,2024-08-20,baseline,0.006254509828437671
2024-08,2024-08-21,baseline,0.004483272910407621
2024-08,2024-08-22,baseline,-0.00013358113217032397
2024-08,2024-08-23,baseline,0.0016811469067077311
2024-08,2024-08-26,baseline,0.003593741288364871
2024-08,2024-08-27,baseline,0.003012924197048461
2024-08,2024-08-28,baseline,-0.007059011399397019
2024-08,2024-08-29,baseline,-0.0015141557954024831
2024-08,2024-08-30,baseline,0.004668576148670667
2024-08,2024-09-02,baseline,-0.00286430887898248
2024-09,2024-09-03,low_pbr,0.012271131403394975
2024-09,2024-09-04,low_pbr,-0.02969484808616829
2024-09,2024-09-05,low_pbr,0.004429314623421554
2024-09,2024-09-06,low_pbr,-0.013373049308351148
2024-09,2024-09-09,low_pbr,-0.00285643429224669
2024-09,2024-09-10,low_pbr,-0.0018641464448576617
2024-09,2024-09-11,low_pbr,0.001427166109575717
2024-09,2024-09-12,low_pbr,0.01143007265440743
2024-09,2024-09-13,low_pbr,0.01885257281077335
2024-09,2024-09-19,low_pbr,0.010264288756478557
2024-09,2024-09-20,low_pbr,0.0036369983527364536
2024-09,2024-09-23,low_pbr,-0.016923954230785965
2024-09,2024-09-24,low_pbr,0.023011219786460035
2024-09,2024-09-25,low_pbr,-0.011939055413097477
2024-09,2024-09-26,low_pbr,0.01805359603287693
2024-09,2024-09-27,low_pbr,0.006788770984851977
2024-09,2024-09-30,low_pbr,-0.01375999741422862
2024-09,2024-10-02,low_pbr,-0.01595651917806673
2024-09,2024-09-03,high_pbr,-0.0010615069782941022
2024-09,2024-09-04,high_pbr,-0.030542346881860416
2024-09,2024-09-05,high_pbr,-0.015658659308920075
2024-09,2024-09-06,high_pbr,-0.021646738741061267
2024-09,2024-09-09,high_pbr,0.005082511012708402
2024-09,2024-09-10,high_pbr,0.00043552394250423454
2024-09,2024-09-11,high_pbr,0.013186423637699507
2024-09,2024-09-12,high_pbr,0.029259005233234214
2024-09,2024-09-13,high_pbr,0.007135958889456617
2024-09,2024-09-19,high_pbr,0.013174791347998038
2024-09,2024-09-20,high_pbr,0.008442929301933688
2024-09,2024-09-23,high_pbr,0.013774920646357325
2024-09,2024-09-24,high_pbr,0.018846088141138306
2024-09,2024-09-25,high_pbr,-0.006934046526191229
2024-09,2024-09-26,high_pbr,0.031197819786315195
2024-09,2024-09-27,high_pbr,-0.009310956960379313
2024-09,2024-09-30,high_pbr,-0.01075480842813914
2024-09,2024-10-02,high_pbr,-0.00940069641117458
2024-09,2024-09-03,baseline,0.006125294631929901
2024-09,2024-09-04,baseline,-0.030539993666732212
2024-09,2024-09-05,baseline,8.195458238491327e-06
2024-09,2024-09-06,baseline,-0.016831921951631523
2024-09,2024-09-09,baseline,0.0011576966907205222
2024-09,2024-09-10,baseline,0.00026597727627830636
2024-09,2024-09-11,baseline,0.0010203712207668136
2024-09,2024-09-12,baseline,0.019217195657031727
2024-09,2024-09-13,baseline,0.013450266694539748
2024-09,2024-09-19,baseline,0.009712706922341718
2024-09,2024-09-20,baseline,0.00042588012763200567
2024-09,2024-09-23,baseline,0.0001499453372053594
2024-09,2024-09-24,baseline,0.016438308288305947
2024-09,2024-09-25,baseline,-0.008376995154731781
2024-09,2024-09-26,baseline,0.02302075812078508
2024-09,2024-09-27,baseline,-0.003651304301569347
2024-09,2024-09-30,baseline,-0.013571943285904609
2024-09,2024-10-02,baseline,-0.0141316384861081
2024-10,2024-10-04,low_pbr,-0.005050168916932107
2024-10,2024-10-07,low_pbr,0.016284246423573734
2024-10,2024-10-08,low_pbr,-0.00940244144327973
2024-10,2024-10-10,low_pbr,0.0006197902493507712
2024-10,2024-10-11,low_pbr,-0.0014486124810618728
2024-10,2024-10-14,low_pbr,0.010430314531593377
2024-10,2024-10-15,low_pbr,-0.0040620536633075854
2024-10,2024-10-16,low_pbr,-0.0043094700144865605
2024-10,2024-10-17,low_pbr,-0.0021716773553391855
2024-10,2024-10-18,low_pbr,-0.0024065610210234345
2024-10,2024-10-21,low_pbr,-0.0035172359639049633
2024-10,2024-10-22,low_pbr,-0.005949012335834003
2024-10,2024-10-23,low_pbr,-0.001441323971809183
2024-10,2024-10-24,low_pbr,-0.0024081368257760083
2024-10,2024-10-25,low_pbr,-0.005906807771186573
2024-10,2024-10-28,low_pbr,0.011981732097316122
2024-10,2024-10-29,low_pbr,-0.0044144445078788674
2024-10,2024-10-30,low_pbr,-0.0032941403418815796
2024-10,2024-10-31,low_pbr,0.00919142039601395
2024-10,2024-11-01,low_pbr,-0.007442170887224209
2024-10,2024-10-04,high_pbr,0.0006457294104624811
2024-10,2024-10-07,high_pbr,0.032375400807892696
2024-10,2024-10-08,high_pbr,-0.0007127773107508117
2024-10,2024-10-10,high_pbr,0.003285741458671554
2024-10,2024-10-11,high_pbr,-0.009284512652122379
2024-10,2024-10-14,high_pbr,0.0027742265365251484
2024-10,2024-10-15,high_pbr,-0.0010597957733781138
2024-10,2024-10-16,high_pbr,-0.010885799720294465
2024-10,2024-10-17,high_pbr,0.004876138473553171
2024-10,2024-10-18,high_pbr,-0.004541918197579098
2024-10,2024-10-21,high_pbr,0.011524736944383163
2024-10,2024-10-22,high_pbr,-0.01716241487372161
2024-10,2024-10-23,high_pbr,-0.002599963478813083
2024-10,2024-10-24,high_pbr,0.0026046686148479825
2024-10,2024-10-25,high_pbr,-0.002310522354251443
2024-10,2024-10-28,high_pbr,0.012296780137941665
2024-10,2024-10-29,high_pbr,0.0030727386642761534
2024-10,2024-10-30,high_pbr,-0.002548972246027792
2024-10,2024-10-31,high_pbr,-0.007580046485414105
2024-10,2024-11-01,high_pbr,-0.021666511776150643
2024-10,2024-10-04,baseline,0.0017694370611567312
2024-10,2024-10-07,baseline,0.015486850170133959
2024-10,2024-10-08,baseline,-0.007952894890497886
2024-10,2024-10-10,baseline,0.0051106390322235296
2024-10,2024-10-11,baseline,-0.0034233827226410884
2024-10,2024-10-14,baseline,0.008068888740256908
2024-10,2024-10-15,baseline,-0.001461587184995894
2024-10,2024-10-16,baseline,-0.00572997527250152
2024-10,2024-10-17,baseline,0.0010741685699613424
2024-10,2024-10-18,baseline,-0.002592660121452539
2024-10,2024-10-21,baseline,0.0024292099633458353
2024-10,2024-10-22,baseline,-0.008295927430087002
2024-10,2024-10-23,baseline,-0.0007658642682850658
2024-10,2024-10-24,baseline,0.0006167701355930255
2024-10,2024-10-25,baseline,-0.004718871488835208
2024-10,2024-10-28,baseline,0.012387603564767202
2024-10,2024-10-29,baseline,-0.0013484073014941034
2024-10,2024-10-30,baseline,-0.0062717946094469346
2024-10,2024-10-31,baseline,0.00011522436878030895
2024-10,2024-11-01,baseline,-0.01223828010814254
2024-11,2024-11-04,low_pbr,0.0027128894609631526
2024-11,2024-11-05,low_pbr,0.0021660528932050394
2024-11,2024-11-06,low_pbr,-0.00572936200978047
2024-11,2024-11-07,low_pbr,0.0010642887554825897
2024-11,2024-11-08,low_pbr,-0.009770614869114014
2024-11,2024-11-11,low_pbr,-0.023687484692067273
2024-11,2024-11-12,low_pbr,-0.015463427594349044
2024-11,2024-11-13,low_pbr,-0.021513302445447913
2024-11,2024-11-14,low_pbr,0.014390628954842555
2024-11,2024-11-15,low_pbr,-0.0032564750291508293
2024-11,2024-11-18,low_pbr,0.015455974410323536
2024-11,2024-11-19,low_pbr,-0.0005487276125395457
2024-11,2024-11-20,low_pbr,-0.0008719014364978461
2024-11,2024-11-21,low_pbr,0.007235397475237493
2024-11,2024-11-22,low_pbr,0.0009796191288298228
2024-11,2024-11-25,low_pbr,0.00797124500243096
2024-11,2024-11-26,low_pbr,0.0015033880209149864
2024-11,2024-11-27,low_pbr,0.0003013643743812189
2024-11,2024-11-28,low_pbr,0.012223870834200179
2024-11,2024-11-29,low_pbr,-0.016301028818064056
2024-11,2024-12-02,low_pbr,-0.008257466680975156
2024-11,2024-11-04,high_pbr,0.03084685238427487
2024-11,2024-11-05,high_pbr,-0.005649954940845525
2024-11,2024-11-06,high_pbr,-0.012275549036762201
2024-11,2024-11-07,high_pbr,-0.012292336021212602
2024-11,2024-11-08,high_pbr,0.008250729696777759
2024-11,2024-11-11,high_pbr,-0.013597552867609997
2024-11,2024-11-12,high_pbr,-0.016739151624146298
2024-11,2024-11-13,high_pbr,-0.030662047192691166
2024-11,2024-11-14,high_pbr,-0.012435578029220906
2024-11,2024-11-15,high_pbr,-0.022531164560167904
2024-11,2024-11-18,high_pbr,0.010301493525056493
2024-11,2024-11-19,high_pbr,0.0011766362766911787
2024-11,2024-11-20,high_pbr,0.0038905141487264316
2024-11,2024-11-21,high_pbr,-0.012772425259101161
2024-11,2024-11-22,high_pbr,0.013129920783045756
2024-11,2024-11-25,high_pbr,0.019468327976710276
2024-11,2024-11-26,high_pbr,-0.021993561193944133
2024-11,2024-11-27,high_pbr,-0.0030233763768547917
2024-11,2024-11-28,high_pbr,0.015205156260778452
2024-11,2024-11-29,high_pbr,-0.0319133176075147
2024-11,2024-12-02,high_pbr,-0.0041407040830607755
2024-11,2024-11-04,baseline,0.01402351240569244
2024-11,2024-11-05,baseline,-0.0008225478966815691
2024-11,2024-11-06,baseline,-0.0037889427353762217
2024-11,2024-11-07,baseline,-0.0027768251579401992
2024-11,2024-11-08,baseline,-0.004471138327347468
2024-11,2024-11-11,baseline,-0.01407539171976302
2024-11,2024-11-12,baseline,-0.019097219762424178
2024-11,2024-11-13,baseline,-0.022767127167845014
2024-11,2024-11-14,baseline,0.0028251990676559924
2024-11,2024-11-15,baseline,-0.010067723159969177
2024-11,2024-11-18,baseline,0.015996896102357105
2024-11,2024-11-19,baseline,0.002546024990569773
2024-11,2024-11-20,baseline,0.004547247561307088
2024-11,2024-11-21,baseline,-0.004318505416027074
2024-11,2024-11-22,baseline,0.005951952020152751
2024-11,2024-11-25,baseline,0.010741408517604745
2024-11,2024-11-26,baseline,-0.00384925953819093
2024-11,2024-11-27,baseline,0.00024269340574822884
2024-11,2024-11-28,baseline,0.010524949810481354
2024-11,2024-11-29,baseline,-0.01903422601799787
2024-11,2024-12-02,baseline,-0.00323865947984725
2024-12,2024-12-03,low_pbr,0.02776132737635617
2024-12,2024-12-04,low_pbr,-0.02932890526476084
2024-12,2024-12-05,low_pbr,-0.022304147442282485
2024-12,2024-12-06,low_pbr,-0.0031815953640320638
2024-12,2024-12-09,low_pbr,-0.04324518729532745
2024-12,2024-12-10,low_pbr,0.04772703014677071
2024-12,2024-12-11,low_pbr,0.01616705109555694
2024-12,2024-12-12,low_pbr,0.0034395394256634404
2024-12,2024-12-13,low_pbr,0.004332611718804502
2024-12,2024-12-16,low_pbr,-0.003848265063094436
2024-12,2024-12-17,low_pbr,0.0015183817636577057
2024-12,2024-12-18,low_pbr,0.008344609074543596
2024-12,2024-12-19,low_pbr,-0.014122821638518968
2024-12,2024-12-20,low_pbr,-0.011198799329836695
2024-12,2024-12-23,low_pbr,0.01628258415150574
2024-12,2024-12-24,low_pbr,-0.0001018850469290955
2024-12,2024-12-26,low_pbr,-0.005478204191058711
2024-12,2024-12-27,low_pbr,-0.025690712138442318
2024-12,2024-12-30,low_pbr,-0.0048276030790430635
2024-12,2025-01-02,low_pbr,-0.010278818713199245
2024-12,2024-12-03,high_pbr,0.022224649501731752
2024-12,2024-12-04,high_pbr,-0.01824464126772818
2024-12,2024-12-05,high_pbr,-0.013736457069043362
2024-12,2024-12-06,high_pbr,-0.014743656255100324
2024-12,2024-12-09,high_pbr,-0.053275099834323214
2024-12,2024-12-10,high_pbr,0.044826984954224436
2024-12,2024-12-11,high_pbr,0.013562021184028605
2024-12,2024-12-12,high_pbr,0.01837440096682319
2024-12,2024-12-13,high_pbr,0.005280147480178687
2024-12,2024-12-16,high_pbr,0.000937733058973711
2024-12,2024-12-17,high_pbr,-0.018178385829323407
2024-12,2024-12-18,high_pbr,0.00411252886726543
2024-12,2024-12-19,high_pbr,-0.013369877678179765
2024-12,2024-12-20,high_pbr,-0.02139896422860965
2024-12,2024-12-23,high_pbr,0.02704506025415432
2024-12,2024-12-24,high_pbr,-0.006259173985672439
2024-12,2024-12-26,high_pbr,-0.003466840493621892
2024-12,2024-12-27,high_pbr,-0.01568665427591054
2024-12,2024-12-30,high_pbr,0.013776273331675526
2024-12,2025-01-02,high_pbr,0.006551965979477936
2024-12,2024-12-03,baseline,0.026084735159024985
2024-12,2024-12-04,baseline,-0.022139143553810303
2024-12,2024-12-05,baseline,-0.018649407790074513
2024-12,2024-12-06,baseline,-0.00689642109685118
2024-12,2024-12-09,baseline,-0.04101445493706857
2024-12,2024-12-10,baseline,0.03922496907344386
2024-12,2024-12-11,baseline,0.01832329738631433
2024-12,2024-12-12,baseline,0.010651975492797394
2024-12,2024-12-13,baseline,0.006984041668482988
2024-12,2024-12-16,baseline,-0.0006007240909874367
2024-12,2024-12-17,baseline,-0.005307537339300117
2024-12,2024-12-18,baseline,0.00830424297752086
2024-12,2024-12-19,baseline,-0.014622083480128278
2024-12,2024-12-20,baseline,-0.014034578173131806
2024-12,2024-12-23,baseline,0.019028765677919557
2024-12,2024-12-24,baseline,-0.003806331901374582
2024-12,2024-12-26,baseline,-0.006193470133249335
2024-12,2024-12-27,baseline,-0.020994136776043226
2024-12,2024-12-30,baseline,0.00038389596737475884
2024-12,2025-01-02,baseline,-0.0006761492848073036
2025-01,2025-01-03,low_pbr,0.023795889984467244
2025-01,2025-01-06,low_pbr,0.014316034321190552
2025-01,2025-01-07,low_pbr,0.004467240150805685
2025-01,2025-01-08,low_pbr,-0.0015201513399828448
2025-01,2025-01-09,low_pbr,-0.006120268766346637
2025-01,2025-01-10,low_pbr,0.01029072002518916
2025-01,2025-01-13,low_pbr,-0.010205798575051994
2025-01,2025-01-14,low_pbr,-0.0018252301947414562
2025-01,2025-01-15,low_pbr,-0.0016507646612928806
2025-01,2025-01-16,low_pbr,0.016091272695120562
2025-01,2025-01-17,low_pbr,-0.0048095068953389886
2025-01,2025-01-20,low_pbr,0.005918292158663796
2025-01,2025-01-21,low_pbr,-0.0029522080417319074
2025-01,2025-01-22,low_pbr,0.006446618222041733
2025-01,2025-01-23,low_pbr,-0.011658125249450313
2025-01,2025-01-24,low_pbr,0.010844043840995132
2025-01,2025-01-31,low_pbr,0.00048354213745582797
2025-01,2025-02-03,low_pbr,-0.020027758224951953
2025-01,2025-01-03,high_pbr,0.02463207018154212
2025-01,2025-01-06,high_pbr,0.009899552478496165
2025-01,2025-01-07,high_pbr,0.010693865279453929
2025-01,2025-01-08,high_pbr,0.011674975041004565
2025-01,2025-01-09,high_pbr,0.008694633436052257
2025-01,2025-01-10,high_pbr,-0.012324357269440367
2025-01,2025-01-13,high_pbr,-0.0029092166433053457
2025-01,2025-01-14,high_pbr,0.012372929353926532
2025-01,2025-01-15,high_pbr,-0.00309237703642562
2025-01,2025-01-16,high_pbr,0.01400453401612789
2025-01,2025-01-17,high_pbr,-0.000602070847772862
2025-01,2025-01-20,high_pbr,0.0045412048479656075
2025-01,2025-01-21,high_pbr,-0.012375513307251063
2025-01,2025-01-22,high_pbr,0.007660972390392873
2025-01,2025-01-23,high_pbr,-0.019759465585223457
2025-01,2025-01-24,high_pbr,0.015258703422487807
2025-01,2025-01-31,high_pbr,-0.008109482500774479
2025-01,2025-02-03,high_pbr,-0.03310760361743781
2025-01,2025-01-03,baseline,0.02141349162469841
2025-01,2025-01-06,baseline,0.011486554977828911
2025-01,2025-01-07,baseline,0.0043601281473761855
2025-01,2025-01-08,baseline,0.0042650912007460295
2025-01,2025-01-09,baseline,0.001960529068529171
2025-01,2025-01-10,baseline,-0.0010142851665735364
2025-01,2025-01-13,baseline,-0.0055980478487368535
2025-01,2025-01-14,baseline,0.0037518088327426202
2025-01,2025-01-15,baseline,-0.0016406905793576732
2025-01,2025-01-16,baseline,0.011843694966633178
2025-01,2025-01-17,baseline,0.0004790701064742997
2025-01,2025-01-20,baseline,0.0025018924509172535
2025-01,2025-01-21,baseline,-0.003038429296617906
2025-01,2025-01-22,baseline,0.00714477058180063
2025-01,2025-01-23,baseline,-0.015147520682917803
2025-01,2025-01-24,baseline,0.009496645993582353
2025-01,2025-01-31,baseline,9.775371323383908e-05
2025-01,2025-02-03,baseline,-0.028759232043656935
2025-02,2025-02-04,low_pbr,0.007704292816925085
2025-02,2025-02-05,low_pbr,0.012022256404500498
2025-02,2025-02-06,low_pbr,0.01340656241236271
2025-02,2025-02-07,low_pbr,-0.008585994277093056
2025-02,2025-02-10,low_pbr,-0.00037638926831495834
2025-02,2025-02-11,low_pbr,0.008110635486999973
2025-02,2025-02-12,low_pbr,0.005581086374439659
2025-02,2025-02-13,low_pbr,0.01976968146056146
2025-02,2025-02-14,low_pbr,0.006613549091973425
2025-02,2025-02-17,low_pbr,0.016445363491149
2025-02,2025-02-18,low_pbr,0.01838395109927271
2025-02,2025-02-19,low_pbr,0.003519222090975882
2025-02,2025-02-20,low_pbr,0.007387618846611099
2025-02,2025-02-21,low_pbr,0.0024276572057719825
2025-02,2025-02-24,low_pbr,0.002153965349468434
2025-02,2025-02-25,low_pbr,-0.007252594092647224
2025-02,2025-02-26,low_pbr,0.008395955104369524
2025-02,2025-02-27,low_pbr,-0.004087095450346689
2025-02,2025-02-28,low_pbr,-0.032410799988060957
2025-02,2025-03-04,low_pbr,-0.007836637887746911
2025-02,2025-02-04,high_pbr,0.023751169285969764
2025-02,2025-02-05,high_pbr,0.014151808400422183
2025-02,2025-02-06,high_pbr,0.023299143383972654
2025-02,2025-02-07,high_pbr,-0.005163530799759952
2025-02,2025-02-10,high_pbr,-3.7740053286938746e-05
2025-02,2025-02-11,high_pbr,0.015364801070051781
2025-02,2025-02-12,high_pbr,0.013887745546742547
2025-02,2025-02-13,high_pbr,0.026803860183779005
2025-02,2025-02-14,high_pbr,-0.006334325582464939
2025-02,2025-02-17,high_pbr,0.013198463635242241
2025-02,2025-02-18,high_pbr,0.017956360814863626
2025-02,2025-02-19,high_pbr,0.01884066505370563
2025-02,2025-02-20,high_pbr,-0.0046491694947161655
2025-02,2025-02-21,high_pbr,0.013776993700413964
2025-02,2025-02-24,high_pbr,-0.004228228416239932
2025-02,2025-02-25,high_pbr,-0.0067415517034340455
2025-02,2025-02-26,high_pbr,0.013084984007645906
2025-02,2025-02-27,high_pbr,-0.0015193457528420717
2025-02,2025-02-28,high_pbr,-0.03846891524702567
2025-02,2025-03-04,high_pbr,-0.010067613897469352
2025-02,2025-02-04,baseline,0.01278896090487236
2025-02,2025-02-05,baseline,0.01002297030837207
2025-02,2025-02-06,baseline,0.015309414527227228
2025-02,2025-02-07,baseline,-0.008637271431371274
2025-02,2025-02-10,baseline,8.511198861138602e-05
2025-02,2025-02-11,baseline,0.0052814676864019194
2025-02,2025-02-12,baseline,0.00625675196363118
2025-02,2025-02-13,baseline,0.017403939329004636
2025-02,2025-02-14,baseline,0.0011971984861920415
2025-02,2025-02-17,baseline,0.01184430939999448
2025-02,2025-02-18,baseline,0.009297872124084172
2025-02,2025-02-19,baseline,0.011057998239725642
2025-02,2025-02-20,baseline,-0.0009466619986240321
2025-02,2025-02-21,baseline,0.0030399221372663376
2025-02,2025-02-24,baseline,-0.00057490173578012
2025-02,2025-02-25,baseline,-0.008466197791118457
2025-02,2025-02-26,baseline,0.011453420497226974
2025-02,2025-02-27,baseline,-0.004376914920274699
2025-02,2025-02-28,baseline,-0.035033240002017574
2025-02,2025-03-04,baseline,-0.007864195593445311
2025-03,2025-03-05,low_pbr,0.03626337270252389
2025-03,2025-03-06,low_pbr,0.011937306728343255
2025-03,2025-03-07,low_pbr,0.010564490669723314
2025-03,2025-03-10,low_pbr,0.0005648127603818942
2025-03,2025-03-11,low_pbr,-0.022169982765587903
2025-03,2025-03-12,low_pbr,0.005496528721546268
2025-03,2025-03-13,low_pbr,-0.003089295199988351
2025-03,2025-03-14,low_pbr,-0.007116690167010553
2025-03,2025-03-17,low_pbr,0.006279104706185201
2025-03,2025-03-18,low_pbr,-0.004155391128072727
2025-03,2025-03-19,low_pbr,0.00514809445219977
2025-03,2025-03-20,low_pbr,-0.000492409712326336
2025-03,2025-03-21,low_pbr,-0.005358500888096418
2025-03,2025-03-24,low_pbr,0.00018652516157979804
2025-03,2025-03-25,low_pbr,-0.0070974611814285105
2025-03,2025-03-26,low_pbr,3.7193841095906066e-05
2025-03,2025-03-27,low_pbr,-0.004608685208648322
2025-03,2025-03-28,low_pbr,-0.017295261922950833
2025-03,2025-03-31,low_pbr,-0.022379811130052496
2025-03,2025-04-01,low_pbr,0.007426192037428336
2025-03,2025-03-05,high_pbr,0.020941879999009094
2025-03,2025-03-06,high_pbr,-0.0046119147645964365
2025-03,2025-03-07,high_pbr,-0.002239990709579587
2025-03,2025-03-10,high_pbr,0.0034428055724360362
2025-03,2025-03-11,high_pbr,-0.01282480032392419
2025-03,2025-03-12,high_pbr,0.002099227292646555
2025-03,2025-03-13,high_pbr,0.008138226696781103
2025-03,2025-03-14,high_pbr,0.00041471498665446305
2025-03,2025-03-17,high_pbr,0.014004297254868847
2025-03,2025-03-18,high_pbr,-0.000508703856097914
2025-03,2025-03-19,high_pbr,0.0019531619011394774
2025-03,2025-03-20,high_pbr,-0.017462740914234276
2025-03,2025-03-21,high_pbr,-0.019114080730248117
2025-03,2025-03-24,high_pbr,-0.004978243965465645
2025-03,2025-03-25,high_pbr,-0.009018396751532709
2025-03,2025-03-26,high_pbr,0.0028013034342670995
2025-03,2025-03-27,high_pbr,-0.0238226083818337
2025-03,2025-03-28,high_pbr,-0.020182430341058377
2025-03,2025-03-31,high_pbr,-0.03008177131137435
2025-03,2025-04-01,high_pbr,0.014590312989118281
2025-03,2025-03-05,baseline,0.019393770259048537
2025-03,2025-03-06,baseline,0.008696426618967301
2025-03,2025-03-07,baseline,-0.0013921401036175451
2025-03,2025-03-10,baseline,0.0038450803888763208
2025-03,2025-03-11,baseline,-0.016059608046681828
2025-03,2025-03-12,baseline,0.008217060994834657
2025-03,2025-03-13,baseline,0.0017516878249557166
2025-03,2025-03-14,baseline,-0.0023004207506795993
2025-03,2025-03-17,baseline,0.010992355958994393
2025-03,2025-03-18,baseline,-0.0017085620753689579
2025-03,2025-03-19,baseline,0.006241248737169469
2025-03,2025-03-20,baseline,-0.004564969804675023
2025-03,2025-03-21,baseline,-0.005213028552331189
2025-03,2025-03-24,baseline,-0.0021975909789886394
2025-03,2025-03-25,baseline,-0.005437213270912289
2025-03,2025-03-26,baseline,0.0029559581937403934
2025-03,2025-03-27,baseline,-0.013963688846638789
2025-03,2025-03-28,baseline,-0.015834484152175143
2025-03,2025-03-31,baseline,-0.025563595345518664
2025-03,2025-04-01,baseline,0.00924723727071286
2025-04,2025-04-02,low_pbr,-0.007271753672102865
2025-04,2025-04-03,low_pbr,-0.010875311641979524
2025-04,2025-04-04,low_pbr,0.015751123638113373
2025-04,2025-04-07,low_pbr,-0.046431882169174266
2025-04,2025-04-08,low_pbr,-0.009953039153435927
2025-04,2025-04-09,low_pbr,-0.02069771354167793
2025-04,2025-04-10,low_pbr,0.041488181076153596
2025-04,2025-04-11,low_pbr,-0.002442778819192859
2025-04,2025-04-14,low_pbr,0.004137016769110602
2025-04,2025-04-15,low_pbr,0.012850238060950758
2025-04,2025-04-16,low_pbr,-0.00388547259544636
2025-04,2025-04-17,low_pbr,0.010172359289364996
2025-04,2025-04-18,low_pbr,0.009019704119626493
2025-04,2025-04-21,low_pbr,0.006161804427992079
2025-04,2025-04-22,low_pbr,0.0030864761442033206
2025-04,2025-04-23,low_pbr,0.010099227079602091
2025-04,2025-04-24,low_pbr,0.0094381055607613
2025-04,2025-04-25,low_pbr,0.00656210606081209
2025-04,2025-04-28,low_pbr,0.0036887720481784125
2025-04,2025-04-29,low_pbr,0.008857433126536751
2025-04,2025-04-30,low_pbr,0.000981933862907347
2025-04,2025-05-02,low_pbr,-0.004023381490578348
2025-04,2025-04-02,high_pbr,-0.023129026990500456
2025-04,2025-04-03,high_pbr,0.00788181039004665
2025-04,2025-04-04,high_pbr,0.002037585089774918
2025-04,2025-04-07,high_pbr,-0.06750265903767949
2025-04,2025-04-08,high_pbr,0.015038093418844545
2025-04,2025-04-09,high_pbr,-0.0247522151320565
2025-04,2025-04-10,high_pbr,0.08354262950946678
2025-04,2025-04-11,high_pbr,0.013287196479494945
2025-04,2025-04-14,high_pbr,0.010625704358128596
2025-04,2025-04-15,high_pbr,0.0032711614537035416
2025-04,2025-04-16,high_pbr,-0.00964514386480897
2025-04,2025-04-17,high_pbr,0.01878543521679532
2025-04,2025-04-18,high_pbr,0.006117878109845876
2025-04,2025-04-21,high_pbr,-0.0012188106723373116
2025-04,2025-04-22,high_pbr,0.0007685108843575872
2025-04,2025-04-23,high_pbr,0.01769709957752319
2025-04,2025-04-24,high_pbr,-0.00016987531477530293
2025-04,2025-04-25,high_pbr,0.013760197405140007
2025-04,2025-04-28,high_pbr,0.0019894031858769257
2025-04,2025-04-29,high_pbr,0.005694607095727777
2025-04,2025-04-30,high_pbr,-0.0038267322109235558
2025-04,2025-05-02,high_pbr,0.005026726216148525
2025-04,2025-04-02,baseline,-0.010054598960559935
2025-04,2025-04-03,baseline,-0.008082222072493428
2025-04,2025-04-04,baseline,0.005606337575112974
2025-04,2025-04-07,baseline,-0.054490954118682655
2025-04,2025-04-08,baseline,-0.002482727624119274
2025-04,2025-04-09,baseline,-0.023011439468147654
2025-04,2025-04-10,baseline,0.06226276845847889
2025-04,2025-04-11,baseline,0.004243421878626252
2025-04,2025-04-14,baseline,0.00743114548111512
2025-04,2025-04-15,baseline,0.010808914839894657
2025-04,2025-04-16,baseline,-0.006759638377412891
2025-04,2025-04-17,baseline,0.01104638996811369
2025-04,2025-04-18,baseline,0.006448877202698489
2025-04,2025-04-21,baseline,0.002041130681025516
2025-04,2025-04-22,baseline,-0.0004821568739356019
2025-04,2025-04-23,baseline,0.016785496094410712
2025-04,2025-04-24,baseline,0.003545318890183502
2025-04,2025-04-25,baseline,0.01012072376088824
2025-04,2025-04-28,baseline,0.0027131435482870003
2025-04,2025-04-29,baseline,0.010046823799587434
2025-04,2025-04-30,baseline,3.475326927082634e-05
2025-04,2025-05-02,baseline,0.0009769725864390288
2025-05,2025-05-07,low_pbr,0.0115966852434215
2025-05,2025-05-08,low_pbr,0.0037874333693770357
2025-05,2025-05-09,low_pbr,-0.00217778583315531
2025-05,2025-05-12,low_pbr,0.028577830221779177
2025-05,2025-05-13,low_pbr,-0.0003668353331462981
2025-05,2025-05-14,low_pbr,0.0036758343909608637
2025-05,2025-05-15,low_pbr,0.0005985086422322095
2025-05,2025-05-16,low_pbr,0.0003276706580574995
2025-05,2025-05-19,low_pbr,-0.007411479840326529
2025-05,2025-05-20,low_pbr,-0.0012941708481372105
2025-05,2025-05-21,low_pbr,0.0014467613514990152
2025-05,2025-05-22,low_pbr,-0.0062694792806803346
2025-05,2025-05-23,low_pbr,0.007376594187894936
2025-05,2025-05-26,low_pbr,0.018828258868937464
2025-05,2025-05-27,low_pbr,0.0035312591051233078
2025-05,2025-05-28,low_pbr,0.018542042590278474
2025-05,2025-05-29,low_pbr,0.03374785268979763
2025-05,2025-05-30,low_pbr,-0.0025257601327627333
2025-05,2025-06-02,low_pbr,-0.016738766606310906
2025-05,2025-05-07,high_pbr,0.00025947890680999564
2025-05,2025-05-08,high_pbr,0.018377884503693487
2025-05,2025-05-09,high_pbr,-0.0029166592367395605
2025-05,2025-05-12,high_pbr,-0.010693718469336422
2025-05,2025-05-13,high_pbr,0.006576275437325085
2025-05,2025-05-14,high_pbr,0.015383812156781085
2025-05,2025-05-15,high_pbr,-0.003958445460801485
2025-05,2025-05-16,high_pbr,0.012595243169076786
2025-05,2025-05-19,high_pbr,-0.013415109562426197
2025-05,2025-05-20,high_pbr,-0.007816183076157612
2025-05,2025-05-21,high_pbr,0.010251425679439263
2025-05,2025-05-22,high_pbr,-0.013620893854582983
2025-05,2025-05-23,high_pbr,0.0005868716445387445
2025-05,2025-05-26,high_pbr,0.02073523849189085
2025-05,2025-05-27,high_pbr,0.006457885982571687
2025-05,2025-05-28,high_pbr,-0.004572840960050284
2025-05,2025-05-29,high_pbr,0.012513569598590957
2025-05,2025-05-30,high_pbr,-0.004542633898689696
2025-05,2025-06-02,high_pbr,0.0022408660388670842
2025-05,2025-05-07,baseline,0.00265847176895484
2025-05,2025-05-08,baseline,0.007857745573603525
2025-05,2025-05-09,baseline,-0.0021675378019683222
2025-05,2025-05-12,baseline,0.011660639063984402
2025-05,2025-05-13,baseline,0.0027626210664657425
2025-05,2025-05-14,baseline,0.01220777539171447
2025-05,2025-05-15,baseline,-0.0068567882569755545
2025-05,2025-05-16,baseline,0.003165542179982994
2025-05,2025-05-19,baseline,-0.010613582300676883
2025-05,2025-05-20,baseline,-0.0018666104028371988
2025-05,2025-05-21,baseline,0.005215488179218797
2025-05,2025-05-22,baseline,-0.008786601789488757
2025-05,2025-05-23,baseline,0.003675826772615798
2025-05,2025-05-26,baseline,0.02131890656355173
2025-05,2025-05-27,baseline,0.0011671961953705345
2025-05,2025-05-28,baseline,0.01148766541563484
2025-05,2025-05-29,baseline,0.0257663959986989
2025-05,2025-05-30,baseline,-0.004529855893536383
2025-05,2025-06-02,baseline,-0.004250575873427809
2025-06,2025-06-04,low_pbr,0.03488086875295271
2025-06,2025-06-05,low_pbr,0.003504913705440371
2025-06,2025-06-09,low_pbr,0.014089843281924086
2025-06,2025-06-10,low_pbr,-0.0005226820583957847
2025-06,2025-06-11,low_pbr,0.012912711875222804
2025-06,2025-06-12,low_pbr,-0.0001531238497203269
2025-06,2025-06-13,low_pbr,-0.020094497912810594
2025-06,2025-06-16,low_pbr,0.011713306234286236
2025-06,2025-06-17,low_pbr,-0.009784802385093494
2025-06,2025-06-18,low_pbr,0.0034187721126421877
2025-06,2025-06-19,low_pbr,-0.0006327919044007979
2025-06,2025-06-20,low_pbr,0.0047402960286875295
2025-06,2025-06-23,low_pbr,-0.009208029064254886
2025-06,2025-06-24,low_pbr,0.027199515250567297
2025-06,2025-06-25,low_pbr,0.0146794724156456
2025-06,2025-06-26,low_pbr,-0.003388579053675289
2025-06,2025-06-27,low_pbr,-0.009285807956391334
2025-06,2025-06-30,low_pbr,0.0012796551270604084
2025-06,2025-07-01,low_pbr,0.028342483868365687
2025-06,2025-06-04,high_pbr,0.01573529965244247
2025-06,2025-06-05,high_pbr,0.01563266511767747
2025-06,2025-06-09,high_pbr,0.003920834861865341
2025-06,2025-06-10,high_pbr,0.020927574672211957
2025-06,2025-06-11,high_pbr,0.00669313011605932
2025-06,2025-06-12,high_pbr,0.025434410430440924
2025-06,2025-06-13,high_pbr,-0.0057910014882804894
2025-06,2025-06-16,high_pbr,0.024693225845727085
2025-06,2025-06-17,high_pbr,0.004525205500989449
2025-06,2025-06-18,high_pbr,0.005697156031290174
2025-06,2025-06-19,high_pbr,0.010842829747292893
2025-06,2025-06-20,high_pbr,0.00999464108432524
2025-06,2025-06-23,high_pbr,0.0013814580768796159
2025-06,2025-06-24,high_pbr,0.021052399115911946
2025-06,2025-06-25,high_pbr,-0.011058556946430653
2025-06,2025-06-26,high_pbr,-0.006112619638775407
2025-06,2025-06-27,high_pbr,-0.008852227089762965
2025-06,2025-06-30,high_pbr,0.007659243504746449
2025-06,2025-07-01,high_pbr,-0.006049238399539414
2025-06,2025-06-04,baseline,0.028499190486326986
2025-06,2025-06-05,baseline,0.01169575535087275
2025-06,2025-06-09,baseline,0.012472072719256877
2025-06,2025-06-10,baseline,0.010394655419853294
2025-06,2025-06-11,baseline,0.0101264371288039
2025-06,2025-06-12,baseline,0.0074512118934833005
2025-06,2025-06-13,baseline,-0.014749716044271999
2025-06,2025-06-16,baseline,0.01786452448079734
2025-06,2025-06-17,baseline,-0.002151098361732995
2025-06,2025-06-18,baseline,0.0027959716220922193
2025-06,2025-06-19,baseline,0.006817481823438554
2025-06,2025-06-20,baseline,0.014586483337518885
2025-06,2025-06-23,baseline,-0.0010660618170943437
2025-06,2025-06-24,baseline,0.026537003281757343
2025-06,2025-06-25,baseline,0.0014258213306703738
2025-06,2025-06-26,baseline,-0.007211542833565621
2025-06,2025-06-27,baseline,-0.011496936685042813
2025-06,2025-06-30,baseline,0.0056422136382554555
2025-06,2025-07-01,baseline,0.012800006102987593
2025-07,2025-07-02,low_pbr,0.004922556094242969
2025-07,2025-07-03,low_pbr,0.021146996741641777
2025-07,2025-07-04,low_pbr,-0.011931498803463003
2025-07,2025-07-07,low_pbr,-0.00213527842060679
2025-07,2025-07-08,low_pbr,0.019920805635590844
2025-07,2025-07-09,low_pbr,0.018770613081672494
2025-07,2025-07-10,low_pbr,0.014346896035609458
2025-07,2025-07-11,low_pbr,0.008292189660215499
2025-07,2025-07-14,low_pbr,0.014588316595384176
2025-07,2025-07-15,low_pbr,-0.004114627397322268
2025-07,2025-07-16,low_pbr,-0.021484091605809885
2025-07,2025-07-17,low_pbr,-0.0005320091765040891
2025-07,2025-07-18,low_pbr,-0.003415410814287312
2025-07,2025-07-21,low_pbr,0.00181127603327913
2025-07,2025-07-22,low_pbr,-0.004056792078355853
2025-07,2025-07-23,low_pbr,0.0035152749458122745
2025-07,2025-07-24,low_pbr,-0.012662354696170053
2025-07,2025-07-25,low_pbr,0.0004737232246068146
2025-07,2025-07-28,low_pbr,-0.019367251695257548
2025-07,2025-07-29,low_pbr,0.0032233606175007257
2025-07,2025-07-30,low_pbr,-0.0017991596675541732
2025-07,2025-07-31,low_pbr,-0.011258671418738375
2025-07,2025-08-01,low_pbr,-0.0389135797289023
2025-07,2025-07-02,high_pbr,-0.012150803371332897
2025-07,2025-07-03,high_pbr,0.0019016954665593833
2025-07,2025-07-04,high_pbr,-0.03231919195048383
2025-07,2025-07-07,high_pbr,0.008407118671851288
2025-07,2025-07-08,high_pbr,0.01656526117263546
2025-07,2025-07-09,high_pbr,0.016145860538166135
2025-07,2025-07-10,high_pbr,0.014517512551898148
2025-07,2025-07-11,high_pbr,-0.016528344949047757
2025-07,2025-07-14,high_pbr,-0.003171168558078641
2025-07,2025-07-15,high_pbr,0.015266814895182002
2025-07,2025-07-16,high_pbr,-0.007129478433393954
2025-07,2025-07-17,high_pbr,0.013633258240358215
2025-07,2025-07-18,high_pbr,0.004590268300584732
2025-07,2025-07-21,high_pbr,0.006148978296758756
2025-07,2025-07-22,high_pbr,-0.015235788868000366
2025-07,2025-07-23,high_pbr,0.0025813994825323316
2025-07,2025-07-24,high_pbr,0.005944005434990629
2025-07,2025-07-25,high_pbr,0.005226265329852264
2025-07,2025-07-28,high_pbr,0.00161037054876223
2025-07,2025-07-29,high_pbr,0.013131734609136636
2025-07,2025-07-30,high_pbr,-0.0036053279623711187
2025-07,2025-07-31,high_pbr,0.013530244441556594
2025-07,2025-08-01,high_pbr,-0.0426098438740693
2025-07,2025-07-02,baseline,-0.0006639207067201669
2025-07,2025-07-03,baseline,0.010753907243847394
2025-07,2025-07-04,baseline,-0.021360334340071452
2025-07,2025-07-07,baseline,0.0023109272347396903
2025-07,2025-07-08,baseline,0.015721221497297044
2025-07,2025-07-09,baseline,0.015461750531539975
2025-07,2025-07-10,baseline,0.012419305990748919
2025-07,2025-07-11,baseline,-0.0018406669607199388
2025-07,2025-07-14,baseline,0.009179144873685319
2025-07,2025-07-15,baseline,0.0007641512630476299
2025-07,2025-07-16,baseline,-0.014614692102467908
2025-07,2025-07-17,baseline,0.004293864418243087
2025-07,2025-07-18,baseline,0.000968025380505777
2025-07,2025-07-21,baseline,0.0027138163774702573
2025-07,2025-07-22,baseline,-0.007208182903050253
2025-07,2025-07-23,baseline,0.0027479477165233135
2025-07,2025-07-24,baseline,-0.0022270537918320787
2025-07,2025-07-25,baseline,-0.0005467447301958916
2025-07,2025-07-28,baseline,-0.008632444212056112
2025-07,2025-07-29,baseline,0.006243789366908059
2025-07,2025-07-30,baseline,0.001813179541056087
2025-07,2025-07-31,baseline,-0.005365368097700607
2025-07,2025-08-01,baseline,-0.03998315943075914
2025-08,2025-08-04,low_pbr,0.008212860135244915
2025-08,2025-08-05,low_pbr,0.008884533063667543
2025-08,2025-08-06,low_pbr,0.018889558783862226
2025-08,2025-08-07,low_pbr,-0.0025752089457112826
2025-08,2025-08-08,low_pbr,-0.0037978888165397517
2025-08,2025-08-11,low_pbr,-0.01755866889363833
2025-08,2025-08-12,low_pbr,-0.00717384929626852
2025-08,2025-08-13,low_pbr,-0.0052474723327327055
2025-08,2025-08-14,low_pbr,-0.0008807070989762522
2025-08,2025-08-18,low_pbr,-0.010772727513951086
2025-08,2025-08-19,low_pbr,-0.0028866361996044976
2025-08,2025-08-20,low_pbr,-0.005148279858721572
2025-08,2025-08-21,low_pbr,0.01017481250161656
2025-08,2025-08-22,low_pbr,-0.0028859290090095246
2025-08,2025-08-25,low_pbr,0.013563716034299622
2025-08,2025-08-26,low_pbr,-0.006227176606586227
2025-08,2025-08-27,low_pbr,-0.0037321904910507797
2025-08,2025-08-28,low_pbr,0.005473163026812999
2025-08,2025-08-29,low_pbr,-0.007139541620368894
2025-08,2025-09-01,low_pbr,-0.005734333472894537
2025-08,2025-08-04,high_pbr,0.009678105440980467
2025-08,2025-08-05,high_pbr,0.0327988959667167
2025-08,2025-08-06,high_pbr,0.003985014623157035
2025-08,2025-08-07,high_pbr,0.005195391926216653
2025-08,2025-08-08,high_pbr,-0.011778822362220054
2025-08,2025-08-11,high_pbr,0.004621218732433263
2025-08,2025-08-12,high_pbr,-0.021006110775863895
2025-08,2025-08-13,high_pbr,0.009349941274984452
2025-08,2025-08-14,high_pbr,0.011069903965435834
2025-08,2025-08-18,high_pbr,-0.013014603411822145
2025-08,2025-08-19,high_pbr,-0.018596662887931825
2025-08,2025-08-20,high_pbr,-0.013869347218217754
2025-08,2025-08-21,high_pbr,0.01811367358522764
2025-08,2025-08-22,high_pbr,0.013804661790118633
2025-08,2025-08-25,high_pbr,0.017548878942024837
2025-08,2025-08-26,high_pbr,-0.005007407669527342
2025-08,2025-08-27,high_pbr,0.0031321142487883424
2025-08,2025-08-28,high_pbr,-0.008041896563554252
2025-08,2025-08-29,high_pbr,-0.010376841311647733
2025-08,2025-09-01,high_pbr,-0.015718671801752904
2025-08,2025-08-04,baseline,0.00989898665575395
2025-08,2025-08-05,baseline,0.015646398670754902
2025-08,2025-08-06,baseline,0.010052945813723735
2025-08,2025-08-07,baseline,0.004046224276783583
2025-08,2025-08-08,baseline,-0.006373059173141904
2025-08,2025-08-11,baseline,-0.005292350633254506
2025-08,2025-08-12,baseline,-0.007760297805548655
2025-08,2025-08-13,baseline,0.004041689051359265
2025-08,2025-08-14,baseline,0.0009218191216224803
2025-08,2025-08-18,baseline,-0.011184387061992873
2025-08,2025-08-19,baseline,-0.006842710034872135
2025-08,2025-08-20,baseline,-0.007338037462306546
2025-08,2025-08-21,baseline,0.006328024451618619
2025-08,2025-08-22,baseline,0.0012203412274691683
2025-08,2025-08-25,baseline,0.013679310351445428
2025-08,2025-08-26,baseline,-0.00507360812677593
2025-08,2025-08-27,baseline,0.00019011062914753296
2025-08,2025-08-28,baseline,0.0037692112633149755
2025-08,2025-08-29,baseline,-0.005409513023719392
2025-08,2025-09-01,baseline,-0.010628376143694052
2025-09,2025-09-02,low_pbr,-0.0035283870267450723
2025-09,2025-09-03,low_pbr,0.004898598205114846
2025-09,2025-09-04,low_pbr,0.014360223729736665
2025-09,2025-09-05,low_pbr,0.0017577408087423585
2025-09,2025-09-08,low_pbr,0.00592863177423486
2025-09,2025-09-09,low_pbr,0.007705111291531841
2025-09,2025-09-10,low_pbr,0.00944758072475027
2025-09,2025-09-11,low_pbr,-0.0007421228670554392
2025-09,2025-09-12,low_pbr,0.005576533226369085
2025-09,2025-09-15,low_pbr,0.012504750237939621
2025-09,2025-09-16,low_pbr,-0.009487836067249455
2025-09,2025-09-17,low_pbr,-0.0012779678282890394
2025-09,2025-09-18,low_pbr,0.009446878269222303
2025-09,2025-09-19,low_pbr,-0.007382191999450782
2025-09,2025-09-22,low_pbr,-0.0037484763832659196
2025-09,2025-09-23,low_pbr,-0.004855891441298499
2025-09,2025-09-24,low_pbr,-0.0128918236345138
2025-09,2025-09-25,low_pbr,-0.0018290138851296822
2025-09,2025-09-26,low_pbr,-0.013484388862568197
2025-09,2025-09-29,low_pbr,0.0077916976504772695
2025-09,2025-09-30,low_pbr,-0.002996663424518653
2025-09,2025-10-01,low_pbr,-0.006603991422595379
2025-09,2025-09-02,high_pbr,0.007517229707446393
2025-09,2025-09-03,high_pbr,-0.0009408587038629568
2025-09,2025-09-04,high_pbr,0.0030105374106050853
2025-09,2025-09-05,high_pbr,0.0013211015774894364
2025-09,2025-09-08,high_pbr,0.00519760325055163
2025-09,2025-09-09,high_pbr,0.0008745349632137689
2025-09,2025-09-10,high_pbr,0.013834429218003041
2025-09,2025-09-11,high_pbr,0.010209710298649366
2025-09,2025-09-12,high_pbr,0.005483494995594862
2025-09,2025-09-15,high_pbr,-0.007839925105761592
2025-09,2025-09-16,high_pbr,0.0102486037346734
2025-09,2025-09-17,high_pbr,-0.002273916851185498
2025-09,2025-09-18,high_pbr,0.005530411823957637
2025-09,2025-09-19,high_pbr,0.005355339440466622
2025-09,2025-09-22,high_pbr,-0.0014390635210196345
2025-09,2025-09-23,high_pbr,0.002650109755539809
2025-09,2025-09-24,high_pbr,-0.005838400448951231
2025-09,2025-09-25,high_pbr,-0.004193062087646693
2025-09,2025-09-26,high_pbr,-0.025437140696449312
2025-09,2025-09-29,high_pbr,0.010014671989082569
2025-09,2025-09-30,high_pbr,0.0036973268070790155
2025-09,2025-10-01,high_pbr,0.006321468773736738
2025-09,2025-09-02,baseline,0.0012067188677615803
2025-09,2025-09-03,baseline,0.004258042693956687
2025-09,2025-09-04,baseline,0.008246565167532305
2025-09,2025-09-05,baseline,0.002519152120681545
2025-09,2025-09-08,baseline,0.0035680250770342425
2025-09,2025-09-09,baseline,0.007287357339854861
2025-09,2025-09-10,baseline,0.010703275222790243
2025-09,2025-09-11,baseline,0.006981446524444657
2025-09,2025-09-12,baseline,0.007597806918355765
2025-09,2025-09-15,baseline,0.006205080028747867
2025-09,2025-09-16,baseline,-0.00022968074016571638
2025-09,2025-09-17,baseline,-0.0032695225721600663
2025-09,2025-09-18,baseline,0.006932967658700218
2025-09,2025-09-19,baseline,-0.003314321562386091
2025-09,2025-09-22,baseline,-0.0019663008556828343
2025-09,2025-09-23,baseline,-0.0023681280960313744
2025-09,2025-09-24,baseline,-0.009873746011094031
2025-09,2025-09-25,baseline,-0.0036291335076942266
2025-09,2025-09-26,baseline,-0.01924869741323476
2025-09,2025-09-29,baseline,0.008856841286647876
2025-09,2025-09-30,baseline,-0.0032141147318305308
2025-09,2025-10-01,baseline,-0.0006078475391106952
2025-10,2025-10-02,low_pbr,0.005052974904538043
2025-10,2025-10-10,low_pbr,-0.016354242866157276
2025-10,2025-10-13,low_pbr,-0.0024965075880487575
2025-10,2025-10-14,low_pbr,0.0031918776817545513
2025-10,2025-10-15,low_pbr,0.014649955034875761
2025-10,2025-10-16,low_pbr,0.01276555885245867
2025-10,2025-10-17,low_pbr,-0.0076562052270277015
2025-10,2025-10-20,low_pbr,0.008050296531204149
2025-10,2025-10-21,low_pbr,0.00011575986782252912
2025-10,2025-10-22,low_pbr,0.03334492479001727
2025-10,2025-10-23,low_pbr,-0.013583017319030444
2025-10,2025-10-24,low_pbr,0.01679929725626228
2025-10,2025-10-27,low_pbr,0.0023657455432404273
2025-10,2025-10-28,low_pbr,0.003407127130275578
2025-10,2025-10-29,low_pbr,0.0006431600715619545
2025-10,2025-10-30,low_pbr,-0.014705788879627368
2025-10,2025-10-31,low_pbr,-0.00540889185128135
2025-10,2025-11-03,low_pbr,-0.0037745301706563206
2025-10,2025-10-02,high_pbr,0.014324385032523201
2025-10,2025-10-10,high_pbr,0.005732807578683774
2025-10,2025-10-13,high_pbr,-0.000978280816406385
2025-10,2025-10-14,high_pbr,-0.011426990301615425
2025-10,2025-10-15,high_pbr,0.029709081231531265
2025-10,2025-10-16,high_pbr,0.015661554277907275
2025-10,2025-10-17,high_pbr,-0.0006232658777470812
2025-10,2025-10-20,high_pbr,0.021959489036536217
2025-10,2025-10-21,high_pbr,0.014770410608287765
2025-10,2025-10-22,high_pbr,0.018396495730099938
2025-10,2025-10-23,high_pbr,0.00025369865723590124
2025-10,2025-10-24,high_pbr,0.026349297633928348
2025-10,2025-10-27,high_pbr,0.03900149732870828
2025-10,2025-10-28,high_pbr,-0.0026488311561635447
2025-10,2025-10-29,high_pbr,0.005500812927343723
2025-10,2025-10-30,high_pbr,-0.007974935714395448
2025-10,2025-10-31,high_pbr,0.004681980435275124
2025-10,2025-11-03,high_pbr,0.02791586328011464
2025-10,2025-10-02,baseline,0.009038167517865014
2025-10,2025-10-10,baseline,-0.0037655051663838535
2025-10,2025-10-13,baseline,-0.001700255423663699
2025-10,2025-10-14,baseline,-0.0028461054272749253
2025-10,2025-10-15,baseline,0.019692714545865853
2025-10,2025-10-16,baseline,0.015922237433844355
2025-10,2025-10-17,baseline,-0.002286877015999833
2025-10,2025-10-20,baseline,0.015791897464244586
2025-10,2025-10-21,baseline,0.002204618777254863
2025-10,2025-10-22,baseline,0.019610413126501802
2025-10,2025-10-23,baseline,-0.009093483811595027
2025-10,2025-10-24,baseline,0.01725345307395143
2025-10,2025-10-27,baseline,0.018262117425104307
2025-10,2025-10-28,baseline,0.0013658857669907043
2025-10,2025-10-29,baseline,0.0038518212354223813
2025-10,2025-10-30,baseline,-0.014134173668590266
2025-10,2025-10-31,baseline,0.0009070432376381277
2025-10,2025-11-03,baseline,0.009384260996431193
2025-11,2025-11-04,low_pbr,0.005154963093809473
2025-11,2025-11-05,low_pbr,-0.021693548575216437
2025-11,2025-11-06,low_pbr,0.02434102212469136
2025-11,2025-11-07,low_pbr,-0.010656504438499192
2025-11,2025-11-10,low_pbr,0.03755206253307919
2025-11,2025-11-11,low_pbr,-0.0027668865987523494
2025-11,2025-11-12,low_pbr,0.0387046992568143
2025-11,2025-11-13,low_pbr,0.0019607075739731528
2025-11,2025-11-14,low_pbr,-0.01774953932920953
2025-11,2025-11-17,low_pbr,0.006105056990498792
2025-11,2025-11-18,low_pbr,-0.02201964455510108
2025-11,2025-11-19,low_pbr,0.002490462032733065
2025-11,2025-11-20,low_pbr,0.01110899551597111
2025-11,2025-11-21,low_pbr,-0.01288026353493521
2025-11,2025-11-24,low_pbr,-0.011560992900010447
2025-11,2025-11-25,low_pbr,-0.0008300579076301329
2025-11,2025-11-26,low_pbr,0.02119388246447218
2025-11,2025-11-27,low_pbr,0.001323691503053448
2025-11,2025-11-28,low_pbr,0.0029166978950208033
2025-11,2025-12-01,low_pbr,0.0009895684897085477
2025-11,2025-11-04,high_pbr,-0.008410000090953051
2025-11,2025-11-05,high_pbr,-0.035684989233430775
2025-11,2025-11-06,high_pbr,-0.004926229454521036
2025-11,2025-11-07,high_pbr,-0.024216971111420182
2025-11,2025-11-10,high_pbr,0.01913172491977222
2025-11,2025-11-11,high_pbr,-0.007819244414354443
2025-11,2025-11-12,high_pbr,0.013310519926056363
2025-11,2025-11-13,high_pbr,0.021075997294468296
2025-11,2025-11-14,high_pbr,-0.026574464477782667
2025-11,2025-11-17,high_pbr,0.009856660515650262
2025-11,2025-11-18,high_pbr,-0.03217258921842736
2025-11,2025-11-19,high_pbr,-0.009852480482852366
2025-11,2025-11-20,high_pbr,0.021937235705850933
2025-11,2025-11-21,high_pbr,-0.035614956411664456
2025-11,2025-11-24,high_pbr,-0.010601917117518678
2025-11,2025-11-25,high_pbr,-0.006986743541920526
2025-11,2025-11-26,high_pbr,0.037601520526529875
2025-11,2025-11-27,high_pbr,0.003365837793890547
2025-11,2025-11-28,high_pbr,-0.006993295225803053
2025-11,2025-12-01,high_pbr,-0.005991619192637909
2025-11,2025-11-04,baseline,-0.00046294451749429033
2025-11,2025-11-05,baseline,-0.024432914333452738
2025-11,2025-11-06,baseline,0.012856998332873237
2025-11,2025-11-07,baseline,-0.017687072715633412
2025-11,2025-11-10,baseline,0.029635960479260648
2025-11,2025-11-11,baseline,-0.0026796747371642393
2025-11,2025-11-12,baseline,0.023645647569829675
2025-11,2025-11-13,baseline,0.007299535474015295
2025-11,2025-11-14,baseline,-0.020654814395300702
2025-11,2025-11-17,baseline,0.0030566626744672476
2025-11,2025-11-18,baseline,-0.026579011645681327
2025-11,2025-11-19,baseline,0.0015678055982351058
2025-11,2025-11-20,baseline,0.01309162475002612
2025-11,2025-11-21,baseline,-0.017764872626411132
2025-11,2025-11-24,baseline,-0.007147763059520029
2025-11,2025-11-25,baseline,-0.0035211442844693686
2025-11,2025-11-26,baseline,0.026594732673931976
2025-11,2025-11-27,baseline,0.0018538109225620936
2025-11,2025-11-28,baseline,-0.000782351378621704
2025-11,2025-12-01,baseline,-0.0020041788336201405
2025-12,2025-12-02,low_pbr,0.018129215274268695
2025-12,2025-12-03,low_pbr,0.01313311073919432
2025-12,2025-12-04,low_pbr,-0.004166404896450926
2025-12,2025-12-05,low_pbr,0.006220096136245745
2025-12,2025-12-08,low_pbr,-0.007373705674359798
2025-12,2025-12-09,low_pbr,-0.0011778409473465201
2025-12,2025-12-10,low_pbr,-0.001977713814755089
2025-12,2025-12-11,low_pbr,0.0023282306964165222
2025-12,2025-12-12,low_pbr,0.0341431094435527
2025-12,2025-12-15,low_pbr,0.0024332644181590535
2025-12,2025-12-16,low_pbr,-0.01792906953499218
2025-12,2025-12-17,low_pbr,0.01354344578039779
2025-12,2025-12-18,low_pbr,-0.01504588618085878
2025-12,2025-12-19,low_pbr,-0.0036358431307563777
2025-12,2025-12-22,low_pbr,0.016488998304613478
2025-12,2025-12-23,low_pbr,-0.008273713210503741
2025-12,2025-12-24,low_pbr,0.004240759024467744
2025-12,2025-12-26,low_pbr,-0.011982536574894564
2025-12,2025-12-29,low_pbr,-0.008222508815292628
2025-12,2025-12-30,low_pbr,0.0022546818737443353
2025-12,2026-01-02,low_pbr,-0.015645037048295785
2025-12,2025-12-02,high_pbr,0.0034715132638576396
2025-12,2025-12-03,high_pbr,0.012888729666954646
2025-12,2025-12-04,high_pbr,-0.0037122076731006537
2025-12,2025-12-05,high_pbr,0.011002120272378901
2025-12,2025-12-08,high_pbr,0.02028314877899251
2025-12,2025-12-09,high_pbr,0.008217409280640409
2025-12,2025-12-10,high_pbr,-0.006937170545556981
2025-12,2025-12-11,high_pbr,-0.005613555657497216
2025-12,2025-12-12,high_pbr,0.007548656907795825
2025-12,2025-12-15,high_pbr,-0.011460168853183461
2025-12,2025-12-16,high_pbr,-0.02508487068555454
2025-12,2025-12-17,high_pbr,-0.002165176286646253
2025-12,2025-12-18,high_pbr,-0.025696402885526437
2025-12,2025-12-19,high_pbr,0.013389779512646305
2025-12,2025-12-22,high_pbr,0.015527947661193808
2025-12,2025-12-23,high_pbr,0.005417289186739005
2025-12,2025-12-24,high_pbr,-0.007657974556445679
2025-12,2025-12-26,high_pbr,-0.012292451311154085
2025-12,2025-12-29,high_pbr,0.025747747692264733
2025-12,2025-12-30,high_pbr,-0.014788632581641203
2025-12,2026-01-02,high_pbr,0.016288518238125382
2025-12,2025-12-02,baseline,0.012216165838482729
2025-12,2025-12-03,baseline,0.013319152422849756
2025-12,2025-12-04,baseline,-0.00320658520051309
2025-12,2025-12-05,baseline,0.00985450096273488
2025-12,2025-12-08,baseline,0.0006352760296322035
2025-12,2025-12-09,baseline,0.001243932205832854
2025-12,2025-12-10,baseline,-0.007056609727119523
2025-12,2025-12-11,baseline,0.0017454689190630202
2025-12,2025-12-12,baseline,0.016178878388541262
2025-12,2025-12-15,baseline,-0.006827380228738966
2025-12,2025-12-16,baseline,-0.016498297201884116
2025-12,2025-12-17,baseline,0.005272020559479174
2025-12,2025-12-18,baseline,-0.018752853538674064
2025-12,2025-12-19,baseline,0.01052636886882996
2025-12,2025-12-22,baseline,0.010515293655614544
2025-12,2025-12-23,baseline,-0.00341199929934366
2025-12,2025-12-24,baseline,-0.0008463870018529107
2025-12,2025-12-26,baseline,-0.013838935081019743
2025-12,2025-12-29,baseline,0.0031257478920392323
2025-12,2025-12-30,baseline,-0.004995201429110474
2025-12,2026-01-02,baseline,-0.0024411597420357367
